CNTR_CODE,NUTS_ID,NAME_LATN,NUTS_NAME,MOUNT_TYPE,URBN_TYPE,COAST_TYPE
CZ,CZ053,Pardubický kraj,Pardubický kraj,,2,
CZ,CZ06,Jihovýchod,Jihovýchod,,,
CZ,CZ063,Kraj Vysočina,Kraj Vysočina,,3,
CZ,CZ064,Jihomoravský kraj,Jihomoravský kraj,,2,
CZ,CZ07,Střední Morava,Střední Morava,,,
CZ,CZ071,Olomoucký kraj,Olomoucký kraj,1,2,
CZ,CZ072,Zlínský kraj,Zlínský kraj,1,2,
CZ,CZ08,Moravskoslezsko,Moravskoslezsko,,,
CZ,CZ080,Moravskoslezský kraj,Moravskoslezský kraj,,2,
DE,DE,Deutschland,Deutschland,,,
DE,DE1,Baden-Württemberg,Baden-Württemberg,,,
DE,DE11,Stuttgart,Stuttgart,,,
DE,DE111,"Stuttgart, Stadtkreis","Stuttgart, Stadtkreis",,1,
DE,DE112,Böblingen,Böblingen,,1,
DE,DE113,Esslingen,Esslingen,,1,
DE,DE114,Göppingen,Göppingen,1,1,
DE,DE115,Ludwigsburg,Ludwigsburg,,1,
DE,DE116,Rems-Murr-Kreis,Rems-Murr-Kreis,,1,
DE,DE118,"Heilbronn, Landkreis","Heilbronn, Landkreis",,2,
DE,DE119,Hohenlohekreis,Hohenlohekreis,,3,
DE,DE11A,Schwäbisch Hall,Schwäbisch Hall,,3,
DE,DE11B,Main-Tauber-Kreis,Main-Tauber-Kreis,,3,
DE,DE11C,Heidenheim,Heidenheim,,2,
DE,DE11D,Ostalbkreis,Ostalbkreis,,2,
DE,DE12,Karlsruhe,Karlsruhe,,,
DE,DE121,"Baden-Baden, Stadtkreis","Baden-Baden, Stadtkreis",1,1,
DE,DE122,"Karlsruhe, Stadtkreis","Karlsruhe, Stadtkreis",,1,
DE,DE123,"Karlsruhe, Landkreis","Karlsruhe, Landkreis",,1,
DE,DE124,Rastatt,Rastatt,,1,
DE,DE127,Neckar-Odenwald-Kreis,Neckar-Odenwald-Kreis,,3,
DE,DE128,Rhein-Neckar-Kreis,Rhein-Neckar-Kreis,,1,
DE,DE129,"Pforzheim, Stadtkreis","Pforzheim, Stadtkreis",1,1,
DE,DE12B,Enzkreis,Enzkreis,,1,
DE,DE12C,Freudenstadt,Freudenstadt,1,3,
DE,DE13,Freiburg,Freiburg,,,
DE,DE132,Breisgau-Hochschwarzwald,Breisgau-Hochschwarzwald,1,2,
DE,DE133,Emmendingen,Emmendingen,1,2,
DE,DE134,Ortenaukreis,Ortenaukreis,1,2,
DE,DE135,Rottweil,Rottweil,,2,
DE,DE136,Schwarzwald-Baar-Kreis,Schwarzwald-Baar-Kreis,,2,
DE,DE137,Tuttlingen,Tuttlingen,1,2,
DE,DE138,Konstanz,Konstanz,,2,
DE,DE139,Lörrach,Lörrach,1,2,
DE,DE13A,Waldshut,Waldshut,1,2,
DE,DE14,Tübingen,Tübingen,,,
DE,DE141,Reutlingen,Reutlingen,1,2,
DE,DE142,"Tübingen, Landkreis","Tübingen, Landkreis",,1,
DE,DE143,Zollernalbkreis,Zollernalbkreis,1,2,
DE,DE144,"Ulm, Stadtkreis","Ulm, Stadtkreis",,2,
DE,DE145,Alb-Donau-Kreis,Alb-Donau-Kreis,,2,
DE,DE146,Biberach,Biberach,,3,
DE,DE147,Bodenseekreis,Bodenseekreis,,2,
DE,DE148,Ravensburg,Ravensburg,,2,
DE,DE149,Sigmaringen,Sigmaringen,,3,
DE,DE2,Bayern,Bayern,,,
DE,DE21,Oberbayern,Oberbayern,,,
DE,DE211,"Ingolstadt, Kreisfreie Stadt","Ingolstadt, Kreisfreie Stadt",,2,
DE,DE212,"München, Kreisfreie Stadt","München, Kreisfreie Stadt",,1,
DE,DE213,"Rosenheim, Kreisfreie Stadt","Rosenheim, Kreisfreie Stadt",,2,
DE,DE214,Altötting,Altötting,,2,
DE,DE215,Berchtesgadener Land,Berchtesgadener Land,1,2,
DE,DE216,Bad Tölz-Wolfratshausen,Bad Tölz-Wolfratshausen,1,2,
DE,DE217,Dachau,Dachau,,2,
DE,DE218,Ebersberg,Ebersberg,,2,
DE,DE21A,Erding,Erding,,3,
DE,DE21C,Fürstenfeldbruck,Fürstenfeldbruck,,1,
DE,DE21D,Garmisch-Partenkirchen,Garmisch-Partenkirchen,1,2,
DE,DE21E,Landsberg am Lech,Landsberg am Lech,,3,
DE,DE21F,Miesbach,Miesbach,1,2,
DE,DE21G,Mühldorf a. Inn,Mühldorf a. Inn,,2,
DE,DE21H,"München, Landkreis","München, Landkreis",,1,
DE,DE21I,Neuburg-Schrobenhausen,Neuburg-Schrobenhausen,,3,
DE,DE21J,Pfaffenhofen a. d. Ilm,Pfaffenhofen a. d. Ilm,,2,
DE,DE21K,"Rosenheim, Landkreis","Rosenheim, Landkreis",,2,
DE,DE21L,Starnberg,Starnberg,,1,
DE,DE21M,Traunstein,Traunstein,,3,
DE,DE21N,Weilheim-Schongau,Weilheim-Schongau,,2,
DE,DE22,Niederbayern,Niederbayern,,,
DE,DE221,"Landshut, Kreisfreie Stadt","Landshut, Kreisfreie Stadt",,2,
DE,DE222,"Passau, Kreisfreie Stadt","Passau, Kreisfreie Stadt",,3,
DE,DE224,Deggendorf,Deggendorf,,2,
DE,DE226,Kelheim,Kelheim,,3,
DE,DE227,"Landshut, Landkreis","Landshut, Landkreis",,2,
DE,DE228,"Passau, Landkreis","Passau, Landkreis",,3,
DE,DE229,Regen,Regen,1,3,
DE,DE22A,Rottal-Inn,Rottal-Inn,,3,
DE,DE22B,Straubing-Bogen,Straubing-Bogen,,3,
DE,DE22C,Dingolfing-Landau,Dingolfing-Landau,,3,
DE,DE23,Oberpfalz,Oberpfalz,,,
DE,DE231,"Amberg, Kreisfreie Stadt","Amberg, Kreisfreie Stadt",,2,
DE,DE232,"Regensburg, Kreisfreie Stadt","Regensburg, Kreisfreie Stadt",,2,
DE,DE233,"Weiden i. d. Opf, Kreisfreie Stadt","Weiden i. d. Opf, Kreisfreie Stadt",,3,
DE,DE234,Amberg-Sulzbach,Amberg-Sulzbach,,2,
DE,DE235,Cham,Cham,,3,
DE,DE236,Neumarkt i. d. OPf.,Neumarkt i. d. OPf.,,3,
DE,DE237,Neustadt a. d. Waldnaab,Neustadt a. d. Waldnaab,,3,
DE,DE238,"Regensburg, Landkreis","Regensburg, Landkreis",,2,
DE,DE239,Schwandorf,Schwandorf,,2,
DE,DE23A,Tirschenreuth,Tirschenreuth,,3,
DE,DE24,Oberfranken,Oberfranken,,,
DE,DE243,"Coburg, Kreisfreie Stadt","Coburg, Kreisfreie Stadt",,2,
DE,DE244,"Hof, Kreisfreie Stadt","Hof, Kreisfreie Stadt",,2,
DE,DE245,"Bamberg, Landkreis","Bamberg, Landkreis",,2,
DE,DE246,"Bayreuth, Landkreis","Bayreuth, Landkreis",,2,
DE,DE247,"Coburg, Landkreis","Coburg, Landkreis",,2,
DE,DE248,Forchheim,Forchheim,,2,
DE,DE249,"Hof, Landkreis","Hof, Landkreis",,2,
DE,DE24A,Kronach,Kronach,1,3,
DE,DE24B,Kulmbach,Kulmbach,,3,
DE,DE25,Mittelfranken,Mittelfranken,,,
DE,DE252,"Erlangen, Kreisfreie Stadt","Erlangen, Kreisfreie Stadt",,1,
DE,DE253,"Fürth, Kreisfreie Stadt","Fürth, Kreisfreie Stadt",,1,
DE,DE254,"Nürnberg, Kreisfreie Stadt","Nürnberg, Kreisfreie Stadt",,1,
DE,DE255,"Schwabach, Kreisfreie Stadt","Schwabach, Kreisfreie Stadt",,1,
DE,DE256,"Ansbach, Landkreis","Ansbach, Landkreis",,3,
DE,DE257,Erlangen-Höchstadt,Erlangen-Höchstadt,,1,
DE,DE258,"Fürth, Landkreis","Fürth, Landkreis",,1,
DE,DE259,Nürnberger Land,Nürnberger Land,,2,
DE,DE25A,Neustadt a. d. Aisch-Bad Windsheim,Neustadt a. d. Aisch-Bad Windsheim,,3,
DE,DE25B,Roth,Roth,,2,
DE,DE25C,Weißenburg-Gunzenhausen,Weißenburg-Gunzenhausen,,3,
DE,DE26,Unterfranken,Unterfranken,,,
DE,DE261,"Aschaffenburg, Kreisfreie Stadt","Aschaffenburg, Kreisfreie Stadt",,1,
DE,DE262,"Schweinfurt, Kreisfreie Stadt","Schweinfurt, Kreisfreie Stadt",,2,
DE,DE263,"Würzburg, Kreisfreie Stadt","Würzburg, Kreisfreie Stadt",,2,
DE,DE264,"Aschaffenburg, Landkreis","Aschaffenburg, Landkreis",,1,
DE,DE265,Bad Kissingen,Bad Kissingen,,3,
DE,DE266,Rhön-Grabfeld,Rhön-Grabfeld,,3,
DE,DE267,Haßberge,Haßberge,,3,
DE,DE268,Kitzingen,Kitzingen,,3,
DE,DE269,Miltenberg,Miltenberg,1,2,
DE,DE26A,Main-Spessart,Main-Spessart,,3,
DE,DE26B,"Schweinfurt, Landkreis","Schweinfurt, Landkreis",,2,
DE,DE26C,"Würzburg, Landkreis","Würzburg, Landkreis",,2,
DE,DE27,Schwaben,Schwaben,,,
DE,DE271,"Augsburg, Kreisfreie Stadt","Augsburg, Kreisfreie Stadt",,1,
DE,DE272,"Kaufbeuren, Kreisfreie Stadt","Kaufbeuren, Kreisfreie Stadt",,2,
DE,DE273,"Kempten (Allgäu), Kreisfreie Stadt","Kempten (Allgäu), Kreisfreie Stadt",1,2,
DE,DE274,"Memmingen, Kreisfreie Stadt","Memmingen, Kreisfreie Stadt",,3,
DE,DE275,Aichach-Friedberg,Aichach-Friedberg,,2,
DE,DE276,"Augsburg, Landkreis","Augsburg, Landkreis",,1,
DE,DE278,Günzburg,Günzburg,,2,
DE,DE279,Neu-Ulm,Neu-Ulm,,2,
DE,DE27B,Ostallgäu,Ostallgäu,,2,
DE,DE27C,Unterallgäu,Unterallgäu,,3,
DE,DE27D,Donau-Ries,Donau-Ries,,3,
DE,DE27E,Oberallgäu,Oberallgäu,1,2,
DE,DE3,Berlin,Berlin,,,
DE,DE30,Berlin,Berlin,,,
DE,DE4,Brandenburg,Brandenburg,,,
DE,DE40,Brandenburg,Brandenburg,,,
DE,DE401,"Brandenburg an der Havel, Kreisfreie Stadt","Brandenburg an der Havel, Kreisfreie Stadt",,2,
DE,DE402,"Cottbus, Kreisfreie Stadt","Cottbus, Kreisfreie Stadt",,2,
DE,DE403,"Frankfurt (Oder), Kreisfreie Stadt","Frankfurt (Oder), Kreisfreie Stadt",,2,
DE,DE404,"Potsdam, Kreisfreie Stadt","Potsdam, Kreisfreie Stadt",,2,
DE,DE405,Barnim,Barnim,,2,
DE,DE406,Dahme-Spreewald,Dahme-Spreewald,,2,
DE,DE407,Elbe-Elster,Elbe-Elster,,3,
DE,DE408,Havelland,Havelland,,2,
DE,DE409,Märkisch-Oderland,Märkisch-Oderland,,2,
DE,DE40A,Oberhavel,Oberhavel,,2,
DE,DE40B,Oberspreewald-Lausitz,Oberspreewald-Lausitz,,3,
DE,DE40C,Oder-Spree,Oder-Spree,,2,
DE,DE40D,Ostprignitz-Ruppin,Ostprignitz-Ruppin,,3,
DE,DE40E,Potsdam-Mittelmark,Potsdam-Mittelmark,,2,
DE,DE40F,Prignitz,Prignitz,,3,
DE,DE40G,Spree-Neiße,Spree-Neiße,,2,
DE,DE40H,Teltow-Fläming,Teltow-Fläming,,2,
DE,DE40I,Uckermark,Uckermark,,2,
DE,DE5,Bremen,Bremen,,,
DE,DE50,Bremen,Bremen,,,
DE,DE502,"Bremerhaven, Kreisfreie Stadt","Bremerhaven, Kreisfreie Stadt",,2,1
DE,DE6,Hamburg,Hamburg,,,
DE,DE60,Hamburg,Hamburg,,,
DE,DE600,Hamburg,Hamburg,,1,1
DE,DE7,Hessen,Hessen,,,
DE,DE71,Darmstadt,Darmstadt,,,
DE,DE711,"Darmstadt, Kreisfreie Stadt","Darmstadt, Kreisfreie Stadt",,1,
DE,DE712,"Frankfurt am Main, Kreisfreie Stadt","Frankfurt am Main, Kreisfreie Stadt",,1,
DE,DE713,"Offenbach am Main, Kreisfreie Stadt","Offenbach am Main, Kreisfreie Stadt",,1,
DE,DE714,"Wiesbaden, Kreisfreie Stadt","Wiesbaden, Kreisfreie Stadt",,1,
DE,DE715,Bergstraße,Bergstraße,,1,
DE,DE716,Darmstadt-Dieburg,Darmstadt-Dieburg,,1,
DE,DE717,Groß-Gerau,Groß-Gerau,,1,
DE,DE718,Hochtaunuskreis,Hochtaunuskreis,1,1,
DE,DE719,Main-Kinzig-Kreis,Main-Kinzig-Kreis,,1,
DE,DE71A,Main-Taunus-Kreis,Main-Taunus-Kreis,,1,
DE,DE71B,Odenwaldkreis,Odenwaldkreis,1,3,
DE,DE71C,"Offenbach, Landkreis","Offenbach, Landkreis",,1,
DE,DE71D,Rheingau-Taunus-Kreis,Rheingau-Taunus-Kreis,1,2,
DE,DE71E,Wetteraukreis,Wetteraukreis,,2,
DE,DE72,Gießen,Gießen,,,
DE,DE721,"Gießen, Landkreis","Gießen, Landkreis",,2,
DE,DE722,Lahn-Dill-Kreis,Lahn-Dill-Kreis,,2,
DE,DE723,Limburg-Weilburg,Limburg-Weilburg,,2,
DE,DE725,Vogelsbergkreis,Vogelsbergkreis,,3,
DE,DE73,Kassel,Kassel,,,
DE,DE731,"Kassel, Kreisfreie Stadt","Kassel, Kreisfreie Stadt",,2,
DE,DE732,Fulda,Fulda,,2,
DE,DE733,Hersfeld-Rotenburg,Hersfeld-Rotenburg,,3,
DE,DE734,"Kassel, Landkreis","Kassel, Landkreis",,2,
DE,DE735,Schwalm-Eder-Kreis,Schwalm-Eder-Kreis,,3,
DE,DE736,Waldeck-Frankenberg,Waldeck-Frankenberg,,3,
DE,DE737,Werra-Meißner-Kreis,Werra-Meißner-Kreis,1,3,
DE,DE8,Mecklenburg-Vorpommern,Mecklenburg-Vorpommern,,,
DE,DE80,Mecklenburg-Vorpommern,Mecklenburg-Vorpommern,,,
DE,DE803,"Rostock, Kreisfreie Stadt","Rostock, Kreisfreie Stadt",,2,1
DE,DE80M,Nordwestmecklenburg,Nordwestmecklenburg,,3,1
DE,DE80N,Vorpommern-Greifswald,Vorpommern-Greifswald,,2,1
DE,DE80O,Ludwigslust-Parchim,Ludwigslust-Parchim,,3,
DE,DE9,Niedersachsen,Niedersachsen,,,
DE,DE91,Braunschweig,Braunschweig,,,
DE,DE911,"Braunschweig, Kreisfreie Stadt","Braunschweig, Kreisfreie Stadt",,2,
DE,DE912,"Salzgitter, Kreisfreie Stadt","Salzgitter, Kreisfreie Stadt",,2,
DE,DE913,"Wolfsburg, Kreisfreie Stadt","Wolfsburg, Kreisfreie Stadt",,2,
DE,DE914,Gifhorn,Gifhorn,,2,
DE,DE916,Goslar,Goslar,1,2,
DE,DE917,Helmstedt,Helmstedt,,3,
DE,DE918,Northeim,Northeim,,3,
DE,DE91A,Peine,Peine,,2,
DE,DE91C,Göttingen,Göttingen,,2,
DE,DE92,Hannover,Hannover,,,
DE,DE922,Diepholz,Diepholz,,2,
DE,DE923,Hameln-Pyrmont,Hameln-Pyrmont,,2,
DE,DE925,Hildesheim,Hildesheim,,2,
DE,DE926,Holzminden,Holzminden,,3,
DE,DE927,Nienburg (Weser),Nienburg (Weser),,3,
DE,DE928,Schaumburg,Schaumburg,,2,
DE,DE929,Region Hannover,Region Hannover,,1,
DE,DE93,Lüneburg,Lüneburg,,,
DE,DE931,Celle,Celle,,2,
DE,DE932,Cuxhaven,Cuxhaven,,2,1
DE,DE933,Harburg,Harburg,,2,
DE,DE934,Lüchow-Dannenberg,Lüchow-Dannenberg,,3,
DE,DE935,"Lüneburg, Landkreis","Lüneburg, Landkreis",,2,
DE,DE937,Rotenburg (Wümme),Rotenburg (Wümme),,3,
DE,DE93A,Uelzen,Uelzen,,3,
DE,DE93B,Verden,Verden,,2,
DE,DE94,Weser-Ems,Weser-Ems,,,
DE,DE941,"Delmenhorst, Kreisfreie Stadt","Delmenhorst, Kreisfreie Stadt",,1,1
DE,DE942,"Emden, Kreisfreie Stadt","Emden, Kreisfreie Stadt",,2,1
DE,DE943,"Oldenburg (Oldenburg), Kreisfreie Stadt","Oldenburg (Oldenburg), Kreisfreie Stadt",,1,1
DE,DE944,"Osnabrück, Kreisfreie Stadt","Osnabrück, Kreisfreie Stadt",,2,
DE,DE945,"Wilhelmshaven, Kreisfreie Stadt","Wilhelmshaven, Kreisfreie Stadt",,2,1
DE,DE946,Ammerland,Ammerland,,1,1
DE,DE947,Aurich,Aurich,,2,1
DE,DE948,Cloppenburg,Cloppenburg,,2,
DE,DE949,Emsland,Emsland,,2,
DE,DE94A,Friesland (DE),Friesland (DE),,2,1
DE,DE94B,Grafschaft Bentheim,Grafschaft Bentheim,,2,
DE,DE94C,Leer,Leer,,2,1
DE,DE94D,"Oldenburg, Landkreis","Oldenburg, Landkreis",,2,1
DE,DE94E,"Osnabrück, Landkreis","Osnabrück, Landkreis",,2,
DE,DE94F,Vechta,Vechta,,2,
DE,DE94G,Wesermarsch,Wesermarsch,,2,1
DE,DE94H,Wittmund,Wittmund,,3,1
DE,DEA,Nordrhein-Westfalen,Nordrhein-Westfalen,,,
DE,DEA1,Düsseldorf,Düsseldorf,,,
DE,DEA11,"Düsseldorf, Kreisfreie Stadt","Düsseldorf, Kreisfreie Stadt",,1,
DE,DEA12,"Duisburg, Kreisfreie Stadt","Duisburg, Kreisfreie Stadt",,1,
DE,DEA13,"Essen, Kreisfreie Stadt","Essen, Kreisfreie Stadt",,1,
DE,DEA14,"Krefeld, Kreisfreie Stadt","Krefeld, Kreisfreie Stadt",,1,
DE,DEA15,"Mönchengladbach, Kreisfreie Stadt","Mönchengladbach, Kreisfreie Stadt",,1,
DE,DEA16,"Mülheim an der Ruhr, Kreisfreie Stadt","Mülheim an der Ruhr, Kreisfreie Stadt",,1,
DE,DEA17,"Oberhausen, Kreisfreie Stadt","Oberhausen, Kreisfreie Stadt",,1,
DE,DEA18,"Remscheid, Kreisfreie Stadt","Remscheid, Kreisfreie Stadt",,1,
DE,DEA19,"Solingen, Kreisfreie Stadt","Solingen, Kreisfreie Stadt",,1,
DE,DEA1A,"Wuppertal, Kreisfreie Stadt","Wuppertal, Kreisfreie Stadt",,1,
DE,DEA1B,Kleve,Kleve,,2,
DE,DEA1C,Mettmann,Mettmann,,1,
DE,DEA1D,Rhein-Kreis Neuss,Rhein-Kreis Neuss,,1,
DE,DEA1E,Viersen,Viersen,,1,
DE,DEA1F,Wesel,Wesel,,1,
DE,DEA2,Köln,Köln,,,
DE,DEA24,"Leverkusen, Kreisfreie Stadt","Leverkusen, Kreisfreie Stadt",,1,
DE,DEA26,Düren,Düren,,2,
DE,DEA27,Rhein-Erft-Kreis,Rhein-Erft-Kreis,,1,
DE,DEA28,Euskirchen,Euskirchen,,2,
DE,DEA29,Heinsberg,Heinsberg,,2,
DE,DEG0U,Saalfeld-Rudolstadt,Saalfeld-Rudolstadt,1,2,
DE,DEG0V,Sonneberg,Sonneberg,1,3,
DK,DK,Danmark,Danmark,,,
DK,DK0,Danmark,Danmark,,,
DK,DK01,Hovedstaden,Hovedstaden,,,
DK,DK011,Byen København,Byen København,,1,1
DK,DK012,Københavns omegn,Københavns omegn,,1,1
DK,DK013,Nordsjælland,Nordsjælland,,2,1
DK,DK014,Bornholm,Bornholm,,3,1
DK,DK02,Sjælland,Sjælland,,,
DK,DK021,Østsjælland,Østsjælland,,2,1
DK,DK022,Vest- og Sydsjælland,Vest- og Sydsjælland,,3,1
DK,DK03,Syddanmark,Syddanmark,,,
DK,DK031,Fyn,Fyn,,2,1
DK,DK032,Sydjylland,Sydjylland,,2,1
DK,DK04,Midtjylland,Midtjylland,,,
DK,DK041,Vestjylland,Vestjylland,,3,1
DK,DK042,Østjylland,Østjylland,,2,1
DK,DK05,Nordjylland,Nordjylland,,,
DK,DK050,Nordjylland,Nordjylland,,2,1
EE,EE,Eesti,Eesti,,,
EE,EE0,Eesti,Eesti,,,
EE,EE00,Eesti,Eesti,,,
EE,EE001,Põhja-Eesti,Põhja-Eesti,,1,1
EE,EE008,Lõuna-Eesti,Lõuna-Eesti,,2,
EE,EE00A,Kirde-Eesti,Kirde-Eesti,,1,1
EL,EL,Elláda,Ελλάδα,,,
EL,EL3,Attiki,Αττική,,,
EL,EL30,Attiki,Aττική,,,
EL,EL305,Anatoliki Attiki,Ανατολική Αττική,1,1,1
EL,EL306,Dytiki Attiki,Δυτική Αττική,1,1,1
EL,EL307,"Peiraias, Nisoi","Πειραιάς, Νήσοι",1,1,1
EL,EL4,"Nisia Aigaiou, Kriti","Νησιά Αιγαίου, Κρήτη",,,
EL,EL41,Voreio Aigaio,Βόρειο Αιγαίο,,,
EL,EL411,"Lesvos, Limnos","Λέσβος, Λήμνος",1,3,1
EL,EL412,"Ikaria, Samos","Ικαρία, Σάμος",1,3,1
EL,EL413,Chios,Χίος,1,2,1
EL,EL42,Notio Aigaio,Νότιο Αιγαίο,,,
EL,EL421,"Kalymnos, Karpathos, Kasos, Kos, Rodos","Κάλυμνος, Κάρπαθος, Κάσος, Κως, Ρόδος",1,2,1
EL,EL422,"Andros, Thira, Kea - Kythnos, Milos, Mykonos, Naxos, Paros,  Syros, Tinos","Άνδρος, Θήρα, Κέα - Κύθνος, Μήλος, Μύκονος, Νάξος, Πάρος, Σύρος, Τήνος",1,3,1
EL,EL43,Kriti,Κρήτη,,,
EL,EL431,Irakleio,Ηράκλειο,1,2,1
EL,EL432,Lasithi,Λασίθι,1,3,1
EL,EL433,Rethymni,Ρέθυμνο,1,3,1
EL,EL434,Chania,Χανιά,1,2,1
EL,EL5,Voreia Elláda,Βόρεια Ελλάδα,,,
EL,EL51,"Anatoliki Makedonia, Thraki","Aνατολική Μακεδονία, Θράκη",,,
EL,EL511,Evros,Έβρος,,2,1
EL,EL512,Xanthi,Ξάνθη,1,2,1
EL,EL513,Rodopi,Ροδόπη,1,2,1
EL,EL514,Drama,Δράμα,1,3,1
EL,EL515,"Thasos, Kavala","Θάσος, Καβάλα",1,3,1
EL,EL52,Kentriki Makedonia,Κεντρική Μακεδονία,,,
EL,EL523,Kilkis,Κιλκίς,,3,1
EL,EL525,Pieria,Πιερία,,2,1
EL,EL526,Serres,Σέρρες,1,3,1
EL,EL527,Chalkidiki,Χαλκιδική,1,3,1
EL,EL53,Dytiki Makedonia,Δυτική Μακεδονία,,,
EL,EL531,"Grevena, Kozani","Γρεβενά, Κοζάνη",1,2,
EL,EL532,Kastoria,Καστοριά,1,2,
EL,EL533,Florina,Φλώρινα,1,3,
EL,EL54,Ipeiros,Ήπειρος,,,
EL,EL541,"Arta, Preveza","Άρτα, Πρέβεζα",1,3,1
EL,EL542,Thesprotia,Θεσπρωτία,1,3,1
EL,EL543,Ioannina,Ιωάννινα,1,2,
EL,EL6,Kentriki Elláda,Κεντρική Ελλάδα,,,
EL,EL61,Thessalia,Θεσσαλία,,,
EL,EL611,"Karditsa, Trikala","Καρδίτσα, Τρίκαλα",1,3,
EL,EL62,Ionia Nisia,Ιόνια Νησιά,,,
EL,EL63,Dytiki Elláda,Δυτική Ελλάδα,,,
EL,EL632,Achaia,Αχαΐα,1,2,1
EL,EL633,Ileia,Ηλεία,,3,1
EL,EL64,Sterea Elláda,Στερεά Ελλάδα,,,
EL,EL641,Voiotia,Βοιωτία,1,3,1
EL,EL642,Evvoia,Εύβοια,1,3,1
EL,EL643,Evrytania,Ευρυτανία,1,3,1
EL,EL644,Fthiotida,Φθιώτιδα,1,3,1
EL,EL645,Fokida,Φωκίδα,1,3,1
EL,EL65,Peloponnisos,Πελοπόννησος,,,
EL,EL651,"Argolida, Arkadia","Αργολίδα, Αρκαδία",1,3,1
EL,EL652,Korinthia,Κορινθία,1,2,1
EL,EL653,"Lakonia, Messinia","Λακωνία, Μεσσηνία",1,3,1
ES,ES,España,España,,,
ES,ES1,Noroeste,Noroeste,,,
ES,ES11,Galicia,Galicia,,,
ES,ES111,A Coruña,A Coruña,1,2,1
ES,ES112,Lugo,Lugo,1,3,1
ES,ES113,Ourense,Ourense,1,3,
ES,ES114,Pontevedra,Pontevedra,1,2,1
ES,ES12,Principado de Asturias,Principado de Asturias,,,
ES,ES120,Asturias,Asturias,1,2,1
ES,ES13,Cantabria,Cantabria,,,
ES,ES130,Cantabria,Cantabria,1,2,1
ES,ES2,Noreste,Noreste,,,
ES,ES21,País Vasco,País Vasco,,,
ES,ES211,Araba/Álava,Araba/Álava,1,1,
ES,ES212,Gipuzkoa,Gipuzkoa,1,1,1
ES,ES213,Bizkaia,Bizkaia,1,1,1
ES,ES22,Comunidad Foral de Navarra,Comunidad Foral de Navarra,,,
ES,ES220,Navarra,Navarra,1,2,
ES,ES23,La Rioja,La Rioja,,,
ES,ES230,La Rioja,La Rioja,1,2,
ES,ES24,Aragón,Aragón,,,
ES,ES241,Huesca,Huesca,1,2,
ES,ES242,Teruel,Teruel,1,3,
ES,ES243,Zaragoza,Zaragoza,1,1,
ES,ES3,Comunidad de Madrid,Comunidad de Madrid,,,
ES,ES30,Comunidad de Madrid,Comunidad de Madrid,,,
ES,ES300,Madrid,Madrid,,1,
ES,ES4,Centro (ES),Centro (ES),,,
ES,ES41,Castilla y León,Castilla y León,,,
ES,ES411,Ávila,Ávila,1,3,
ES,ES412,Burgos,Burgos,1,2,
ES,ES413,León,León,1,2,
ES,ES414,Palencia,Palencia,,2,
ES,ES415,Salamanca,Salamanca,,2,
ES,ES416,Segovia,Segovia,,3,
ES,ES417,Soria,Soria,,2,
ES,ES418,Valladolid,Valladolid,,2,
ES,ES419,Zamora,Zamora,,3,
ES,ES42,Castilla-La Mancha,Castilla-La Mancha,,,
ES,ES421,Albacete,Albacete,,2,
ES,ES422,Ciudad Real,Ciudad Real,,2,
ES,ES423,Cuenca,Cuenca,,2,
ES,ES424,Guadalajara,Guadalajara,1,2,
ES,ES425,Toledo,Toledo,,2,
ES,ES43,Extremadura,Extremadura,,,
ES,ES431,Badajoz,Badajoz,,2,
ES,ES432,Cáceres,Cáceres,,2,
ES,ES5,Este,Este,,,
ES,ES51,Cataluña,Cataluña,,,
ES,ES511,Barcelona,Barcelona,1,1,1
ES,ES512,Girona,Girona,1,2,1
ES,ES513,Lleida,Lleida,1,2,
ES,ES514,Tarragona,Tarragona,1,2,1
ES,ES52,Comunitat Valenciana ,Comunitat Valenciana ,,,
ES,ES521,Alicante/Alacant,Alicante/Alacant,1,1,1
ES,ES522,Castellón/Castelló,Castellón/Castelló,1,2,1
ES,ES523,Valencia/València,Valencia/València,1,1,1
ES,ES53,Illes Balears,Illes Balears,,,
ES,ES531,Eivissa y Formentera,Eivissa y Formentera,,2,1
ES,ES532,Mallorca,Mallorca,,1,1
ES,ES533,Menorca,Menorca,,2,1
ES,ES6,Sur,Sur,,,
ES,ES61,Andalucía,Andalucía,,,
ES,ES611,Almería,Almería,1,2,1
ES,ES612,Cádiz,Cádiz,,1,1
ES,ES613,Córdoba,Córdoba,,2,
ES,ES615,Huelva,Huelva,,2,1
ES,ES616,Jaén,Jaén,1,2,
ES,ES617,Málaga,Málaga,1,1,1
ES,ES618,Sevilla,Sevilla,,1,
ES,ES62,Región de Murcia,Región de Murcia,,,
ES,ES620,Murcia,Murcia,1,1,1
ES,ES63,Ciudad de Ceuta,Ciudad de Ceuta,,,
ES,ES630,Ceuta,Ceuta,,1,1
ES,ES64,Ciudad de Melilla,Ciudad de Melilla,,,
ES,ES640,Melilla,Melilla,,1,1
DE,DEA2A,Oberbergischer Kreis,Oberbergischer Kreis,,2,
DE,DEA2B,Rheinisch-Bergischer Kreis,Rheinisch-Bergischer Kreis,,1,
DE,DEA2C,Rhein-Sieg-Kreis,Rhein-Sieg-Kreis,,1,
DE,DEA2D,Städteregion Aachen,Städteregion Aachen,,1,
DE,DEA3,Münster,Münster,,,
DE,DEA31,"Bottrop, Kreisfreie Stadt","Bottrop, Kreisfreie Stadt",,1,
DE,DEA32,"Gelsenkirchen, Kreisfreie Stadt","Gelsenkirchen, Kreisfreie Stadt",,1,
DE,DEA33,"Münster, Kreisfreie Stadt","Münster, Kreisfreie Stadt",,1,
DE,DEA36,Recklinghausen,Recklinghausen,,1,
DE,DEA37,Steinfurt,Steinfurt,,2,
DE,DEA38,Warendorf,Warendorf,,2,
DE,DEA4,Detmold,Detmold,,,
DE,DEA41,"Bielefeld, Kreisfreie Stadt","Bielefeld, Kreisfreie Stadt",,1,
DE,DEA42,Gütersloh,Gütersloh,,2,
DE,DEA43,Herford,Herford,,1,
DE,DEA44,Höxter,Höxter,,3,
DE,DEA45,Lippe,Lippe,,2,
DE,DEA46,Minden-Lübbecke,Minden-Lübbecke,,2,
DE,DEA47,Paderborn,Paderborn,,2,
DE,DEA5,Arnsberg,Arnsberg,,,
DE,DEA53,"Hagen, Kreisfreie Stadt","Hagen, Kreisfreie Stadt",,1,
DE,DEA54,"Hamm, Kreisfreie Stadt","Hamm, Kreisfreie Stadt",,1,
DE,DEA55,"Herne, Kreisfreie Stadt","Herne, Kreisfreie Stadt",,1,
DE,DEA56,Ennepe-Ruhr-Kreis,Ennepe-Ruhr-Kreis,,1,
DE,DEA57,Hochsauerlandkreis,Hochsauerlandkreis,1,2,
DE,DEA58,Märkischer Kreis,Märkischer Kreis,,1,
DE,DEA59,Olpe,Olpe,1,2,
DE,DEA5A,Siegen-Wittgenstein,Siegen-Wittgenstein,1,2,
DE,DEA5B,Soest,Soest,,2,
DE,DEA5C,Unna,Unna,,1,
DE,DEB,Rheinland-Pfalz,Rheinland-Pfalz,,,
DE,DEB1,Koblenz,Koblenz,,,
DE,DEB11,"Koblenz, Kreisfreie Stadt","Koblenz, Kreisfreie Stadt",,1,
DE,DEB12,Ahrweiler,Ahrweiler,1,2,
DE,DEB13,Altenkirchen (Westerwald),Altenkirchen (Westerwald),,3,
DE,DEB15,Birkenfeld,Birkenfeld,1,3,
DE,DEB17,Mayen-Koblenz,Mayen-Koblenz,,1,
DE,DEB18,Neuwied,Neuwied,,2,
DE,DEB1A,Rhein-Lahn-Kreis,Rhein-Lahn-Kreis,1,2,
DE,DEB1B,Westerwaldkreis,Westerwaldkreis,,3,
DE,DEB1C,Cochem-Zell,Cochem-Zell,1,3,
DE,DEB1D,Rhein-Hunsrück-Kreis,Rhein-Hunsrück-Kreis,1,3,
DE,DEB2,Trier,Trier,,,
DE,DEB21,"Trier, Kreisfreie Stadt","Trier, Kreisfreie Stadt",,2,
DE,DEB22,Bernkastel-Wittlich,Bernkastel-Wittlich,1,3,
DE,DEB23,Eifelkreis Bitburg-Prüm,Eifelkreis Bitburg-Prüm,,3,
DE,DEB24,Vulkaneifel,Vulkaneifel,,3,
DE,DEB25,Trier-Saarburg,Trier-Saarburg,1,2,
DE,DEB3,Rheinhessen-Pfalz,Rheinhessen-Pfalz,,,
DE,DEB31,"Frankenthal (Pfalz), Kreisfreie Stadt","Frankenthal (Pfalz), Kreisfreie Stadt",,1,
DE,DEB32,"Kaiserslautern, Kreisfreie Stadt","Kaiserslautern, Kreisfreie Stadt",,2,
DE,DEB33,"Landau in der Pfalz, Kreisfreie Stadt","Landau in der Pfalz, Kreisfreie Stadt",,1,
DE,DEB34,"Ludwigshafen am Rhein, Kreisfreie Stadt","Ludwigshafen am Rhein, Kreisfreie Stadt",,1,
DE,DEB35,"Mainz, Kreisfreie Stadt","Mainz, Kreisfreie Stadt",,1,
DE,DEB36,"Neustadt an der Weinstraße, Kreisfreie Stadt","Neustadt an der Weinstraße, Kreisfreie Stadt",,1,
DE,DEB38,"Speyer, Kreisfreie Stadt","Speyer, Kreisfreie Stadt",,1,
DE,DEB39,"Worms, Kreisfreie Stadt","Worms, Kreisfreie Stadt",,1,
DE,DEB3A,"Zweibrücken, Kreisfreie Stadt","Zweibrücken, Kreisfreie Stadt",,1,
DE,DEB3C,Bad Dürkheim,Bad Dürkheim,,1,
DE,DEB3E,Germersheim,Germersheim,,1,
DE,DEB3F,"Kaiserslautern, Landkreis","Kaiserslautern, Landkreis",,2,
DE,DEB3H,Südliche Weinstraße,Südliche Weinstraße,,2,
DE,DEB3I,Rhein-Pfalz-Kreis,Rhein-Pfalz-Kreis,,1,
DE,DEB3J,Mainz-Bingen,Mainz-Bingen,,2,
DE,DEB3K,Südwestpfalz,Südwestpfalz,,3,
DE,DEC,Saarland,Saarland,,,
DE,DEC0,Saarland,Saarland,,,
DE,DEC01,Regionalverband Saarbrücken,Regionalverband Saarbrücken,,1,
DE,DEC02,Merzig-Wadern,Merzig-Wadern,,2,
DE,DEC04,Saarlouis,Saarlouis,,1,
DE,DEC05,Saarpfalz-Kreis,Saarpfalz-Kreis,,1,
DE,DED,Sachsen,Sachsen,,,
DE,DED2,Dresden,Dresden,,,
DE,DED21,"Dresden, Kreisfreie Stadt","Dresden, Kreisfreie Stadt",,1,
DE,DED2C,Bautzen,Bautzen,,3,
DE,DED2E,Meißen,Meißen,,2,
DE,DED2F,Sächsische Schweiz-Osterzgebirge,Sächsische Schweiz-Osterzgebirge,,1,
DE,DED4,Chemnitz,Chemnitz,,,
DE,DED41,"Chemnitz, Kreisfreie Stadt","Chemnitz, Kreisfreie Stadt",,2,
DE,DED42,Erzgebirgskreis,Erzgebirgskreis,1,2,
DE,DED43,Mittelsachsen,Mittelsachsen,,2,
DE,DED44,Vogtlandkreis,Vogtlandkreis,,2,
DE,DED45,Zwickau,Zwickau,,2,
DE,DED5,Leipzig,Leipzig,,,
DE,DED51,"Leipzig, Kreisfreie Stadt","Leipzig, Kreisfreie Stadt",,1,
DE,DED52,Leipzig,Leipzig,,1,
DE,DED53,Nordsachsen,Nordsachsen,,3,
DE,DEE,Sachsen-Anhalt,Sachsen-Anhalt,,,
DE,DEE0,Sachsen-Anhalt,Sachsen-Anhalt,,,
DE,DEE01,"Dessau-Roßlau, Kreisfreie Stadt","Dessau-Roßlau, Kreisfreie Stadt",,2,
DE,DEE02,"Halle (Saale), Kreisfreie Stadt","Halle (Saale), Kreisfreie Stadt",,2,
DE,DEE03,"Magdeburg, Kreisfreie Stadt","Magdeburg, Kreisfreie Stadt",,2,
DE,DEE04,Altmarkkreis Salzwedel,Altmarkkreis Salzwedel,,3,
DE,DEE05,Anhalt-Bitterfeld,Anhalt-Bitterfeld,,2,
DE,DEE06,Jerichower Land,Jerichower Land,,3,
DE,DEE07,Börde,Börde,,2,
DE,DEE08,Burgenlandkreis,Burgenlandkreis,,3,
DE,DEE09,Harz,Harz,,2,
DE,DEE0A,Mansfeld-Südharz,Mansfeld-Südharz,,3,
DE,DEE0B,Saalekreis,Saalekreis,,2,
DE,DEE0C,Salzlandkreis,Salzlandkreis,,2,
DE,DEE0D,Stendal,Stendal,,3,
DE,DEE0E,Wittenberg,Wittenberg,,3,
DE,DEF,Schleswig-Holstein,Schleswig-Holstein,,,
DE,DEF0,Schleswig-Holstein,Schleswig-Holstein,,,
DE,DEF01,"Flensburg, Kreisfreie Stadt","Flensburg, Kreisfreie Stadt",,2,1
DE,DEF02,"Kiel, Kreisfreie Stadt","Kiel, Kreisfreie Stadt",,1,1
DE,DEF03,"Lübeck, Kreisfreie Stadt","Lübeck, Kreisfreie Stadt",,2,1
DE,DEF04,"Neumünster, Kreisfreie Stadt","Neumünster, Kreisfreie Stadt",,2,1
DE,DEF05,Dithmarschen,Dithmarschen,,3,1
DE,DEF06,Herzogtum Lauenburg,Herzogtum Lauenburg,,2,
DE,DEF07,Nordfriesland,Nordfriesland,,3,1
DE,DEF08,Ostholstein,Ostholstein,,2,1
DE,DEF09,Pinneberg,Pinneberg,,1,1
DE,DEF0A,Plön,Plön,,1,1
DE,DEF0B,Rendsburg-Eckernförde,Rendsburg-Eckernförde,,2,1
DE,DEF0C,Schleswig-Flensburg,Schleswig-Flensburg,,2,1
DE,DEG,Thüringen,Thüringen,,,
DE,DEG0,Thüringen,Thüringen,,,
DE,DEG01,"Erfurt, Kreisfreie Stadt","Erfurt, Kreisfreie Stadt",,2,
DE,DEG02,"Gera, Kreisfreie Stadt","Gera, Kreisfreie Stadt",,2,
DE,DEG03,"Jena, Kreisfreie Stadt","Jena, Kreisfreie Stadt",1,2,
DE,DEG05,"Weimar, Kreisfreie Stadt","Weimar, Kreisfreie Stadt",,2,
DE,DEG06,Eichsfeld,Eichsfeld,,3,
DE,DEG07,Nordhausen,Nordhausen,,3,
DE,DEG09,Unstrut-Hainich-Kreis,Unstrut-Hainich-Kreis,,3,
DE,DEG0A,Kyffhäuserkreis,Kyffhäuserkreis,,3,
DE,DEG0C,Gotha,Gotha,,3,
DE,DEG0D,Sömmerda,Sömmerda,,2,
DE,DEG0E,Hildburghausen,Hildburghausen,1,3,
DE,DEG0G,Weimarer Land,Weimarer Land,,2,
DE,DEG0J,Saale-Holzland-Kreis,Saale-Holzland-Kreis,,2,
DE,DEG0K,Saale-Orla-Kreis,Saale-Orla-Kreis,,3,
DE,DEG0L,Greiz,Greiz,,2,
DE,DEG0M,Altenburger Land,Altenburger Land,,2,
DE,DEG0Q,Schmalkalden-Meiningen,Schmalkalden-Meiningen,1,2,
DE,DEG0R,Wartburgkreis,Wartburgkreis,,3,
DE,DEG0S,"Suhl, Kreisfreie Stadt","Suhl, Kreisfreie Stadt",1,2,
DE,DEG0T,Ilm-Kreis,Ilm-Kreis,1,3,
AT,AT,Österreich,Österreich,,,
AT,AT1,Ostösterreich,Ostösterreich,,,
AT,AT11,Burgenland,Burgenland,,,
AT,AT111,Mittelburgenland,Mittelburgenland,,3,
AT,AT112,Nordburgenland,Nordburgenland,,3,
AT,AT12,Niederösterreich,Niederösterreich,,,
AT,AT121,Mostviertel-Eisenwurzen,Mostviertel-Eisenwurzen,1,3,
AT,AT122,Niederösterreich-Süd,Niederösterreich-Süd,1,2,
AT,AT123,Sankt Pölten,Sankt Pölten,1,3,
AT,AT124,Waldviertel,Waldviertel,,3,
AT,AT125,Weinviertel,Weinviertel,,3,
AT,AT126,Wiener Umland/Nordteil,Wiener Umland/Nordteil,,2,
AT,AT127,Wiener Umland/Südteil,Wiener Umland/Südteil,,2,
AT,AT13,Wien,Wien,,,
AT,AT130,Wien,Wien,,1,
AT,AT2,Südösterreich,Südösterreich,,,
AT,AT21,Kärnten,Kärnten,,,
AT,AT211,Klagenfurt-Villach,Klagenfurt-Villach,1,2,
AT,AT212,Oberkärnten,Oberkärnten,1,3,
AT,AT213,Unterkärnten,Unterkärnten,1,3,
AT,AT22,Steiermark,Steiermark,,,
AT,AT221,Graz,Graz,1,1,
AT,AT223,Östliche Obersteiermark,Östliche Obersteiermark,1,2,
AT,AT224,Oststeiermark,Oststeiermark,1,3,
AT,AT225,West- und Südsteiermark,West- und Südsteiermark,1,3,
AT,AT3,Westösterreich,Westösterreich,,,
AT,AT31,Oberösterreich,Oberösterreich,,,
AT,AT312,Linz-Wels,Linz-Wels,,2,
AT,AT314,Steyr-Kirchdorf,Steyr-Kirchdorf,1,3,
AT,AT315,Traunviertel,Traunviertel,1,3,
AT,AT32,Salzburg,Salzburg,,,
AT,AT321,Lungau,Lungau,1,3,
AT,AT322,Pinzgau-Pongau,Pinzgau-Pongau,1,3,
AT,AT323,Salzburg und Umgebung,Salzburg und Umgebung,1,2,
AT,AT33,Tirol,Tirol,,,
AT,AT331,Außerfern,Außerfern,1,3,
AT,AT332,Innsbruck,Innsbruck,1,1,
AT,AT333,Osttirol,Osttirol,1,3,
AT,AT334,Tiroler Oberland,Tiroler Oberland,1,3,
AT,AT335,Tiroler Unterland,Tiroler Unterland,1,2,
AT,AT34,Vorarlberg,Vorarlberg,,,
AT,AT341,Bludenz-Bregenzer Wald,Bludenz-Bregenzer Wald,1,2,
AT,AT342,Rheintal-Bodenseegebiet,Rheintal-Bodenseegebiet,1,1,
BE,BE,Belgique/België,Belgique/België,,,
BE,BE1,Région de Bruxelles-Capitale/Brussels Hoofdstedelijk Gewest,Région de Bruxelles-Capitale/Brussels Hoofdstedelijk Gewest,,,
BE,BE10,Région de Bruxelles-Capitale/ Brussels Hoofdstedelijk Gewest,Région de Bruxelles-Capitale/ Brussels Hoofdstedelijk Gewest,,,
BE,BE100,Arr. de Bruxelles-Capitale/Arr. Brussel-Hoofdstad,Arr. de Bruxelles-Capitale/Arr. Brussel-Hoofdstad,,1,
BE,BE2,Vlaams Gewest,Vlaams Gewest,,,
BE,BE21,Prov. Antwerpen,Prov. Antwerpen,,,
BE,BE211,Arr. Antwerpen,Arr. Antwerpen,,1,1
BE,BE212,Arr. Mechelen,Arr. Mechelen,,1,1
BE,BE213,Arr. Turnhout,Arr. Turnhout,,2,
BE,BE22,Prov. Limburg (BE),Prov. Limburg (BE),,,
BE,BE223,Arr. Tongeren,Arr. Tongeren,,2,
BE,BE225,Arr. Maaseik,Arr. Maaseik,,2,
BE,BE23,Prov. Oost-Vlaanderen,Prov. Oost-Vlaanderen,,,
BE,BE231,Arr. Aalst,Arr. Aalst,,1,1
BE,BE236,Arr. Sint-Niklaas,Arr. Sint-Niklaas,,1,1
BE,BE24,Prov. Vlaams-Brabant,Prov. Vlaams-Brabant,,,
BE,BE241,Arr. Halle-Vilvoorde,Arr. Halle-Vilvoorde,,1,
BE,BE25,Prov. West-Vlaanderen,Prov. West-Vlaanderen,,,
BE,BE254,Arr. Kortrijk,Arr. Kortrijk,,1,
BE,BE255,Arr. Oostende,Arr. Oostende,,1,1
BE,BE257,Arr. Tielt,Arr. Tielt,,2,1
BE,BE258,Arr. Veurne,Arr. Veurne,,2,1
BE,BE3,Région wallonne,Région wallonne,,,
BE,BE31,Prov. Brabant wallon,Prov. Brabant wallon,,,
BE,BE310,Arr. Nivelles,Arr. Nivelles,,2,
BE,BE32,Prov. Hainaut,Prov. Hainaut,,,
BE,BE323,Arr. Mons,Arr. Mons,,1,
BE,BE328,Arr. Tournai-Mouscron,Arr. Tournai-Mouscron,,2,
BE,BE329,Arr. La Louvière,Arr. La Louvière,,1,
BE,BE32A,Arr. Ath,Arr. Ath,,2,
BE,BE32B,Arr. Charleroi,Arr. Charleroi,,1,
BE,BE32C,Arr. Soignies,Arr. Soignies,,1,
BE,BE32D,Arr. Thuin,Arr. Thuin,,3,
BE,BE33,Prov. Liège,Prov. Liège,,,
BE,BE331,Arr. Huy,Arr. Huy,,3,
BE,BE332,Arr. Liège,Arr. Liège,,1,
BE,BE334,Arr. Waremme,Arr. Waremme,,3,
BE,BE335,Arr. Verviers — communes francophones,Arr. Verviers — communes francophones,1,2,
BE,BE336,Bezirk Verviers — Deutschsprachige Gemeinschaft,Bezirk Verviers — Deutschsprachige Gemeinschaft,,3,
BE,BE34,Prov. Luxembourg (BE),Prov. Luxembourg (BE),,,
BE,BE341,Arr. Arlon,Arr. Arlon,,3,
BE,BE342,Arr. Bastogne,Arr. Bastogne,,3,
BE,BE343,Arr. Marche-en-Famenne,Arr. Marche-en-Famenne,,3,
BE,BE344,Arr. Neufchâteau,Arr. Neufchâteau,,3,
BE,BE345,Arr. Virton,Arr. Virton,,3,
BE,BE35,Prov. Namur,Prov. Namur,,,
BE,BE351,Arr. Dinant,Arr. Dinant,,3,
BE,BE352,Arr. Namur,Arr. Namur,,2,
BE,BE353,Arr. Philippeville,Arr. Philippeville,,3,
BG,BG,Bulgaria,България,,,
BG,BG3,Severna i Yugoiztochna Bulgaria,Северна и Югоизточна България,,,
BG,BG31,Severozapaden,Северозападен,,,
BG,BG311,Vidin,Видин,,3,
BG,BG312,Montana,Монтана,,2,
BG,BG313,Vratsa,Враца,,2,
BG,BG314,Pleven,Плевен,,2,
BG,BG315,Lovech,Ловеч,1,3,
BG,BG32,Severen tsentralen,Северен централен,,,
BG,BG321,Veliko Tarnovo,Велико Търново,,2,
BG,BG322,Gabrovo,Габрово,1,2,
BG,BG323,Ruse,Русе,,2,
BG,BG324,Razgrad,Разград,,3,
BG,BG325,Silistra,Силистра,,3,
BG,BG33,Severoiztochen,Североизточен,,,
BG,BG331,Varna,Варна,,2,1
BG,BG332,Dobrich,Добрич,,2,1
BG,BG333,Shumen,Шумен,,2,
BG,BG334,Targovishte,Търговище,,2,
BG,BG34,Yugoiztochen,Югоизточен,,,
BG,BG341,Burgas,Бургас,,2,1
BG,BG342,Sliven,Сливен,1,2,
BG,BG343,Yambol,Ямбол,,2,
BG,BG344,Stara Zagora,Стара Загора,1,2,
BG,BG4,Yugozapadna i Yuzhna tsentralna Bulgaria,Югозападна и Южна централна България,,,
BG,BG41,Yugozapaden,Югозападен,,,
BG,BG411,Sofia (stolitsa),София (столица),1,1,
BG,BG412,Sofia,София,1,2,
BG,BG413,Blagoevgrad,Благоевград,1,2,
BG,BG414,Pernik,Перник,1,2,
BG,BG415,Kyustendil,Кюстендил,1,2,
BG,BG42,Yuzhen tsentralen,Южен централен,,,
BG,BG421,Plovdiv,Пловдив,1,2,
BG,BG422,Haskovo,Хасково,,2,
BG,BG423,Pazardzhik,Пазарджик,1,2,
BG,BG424,Smolyan,Смолян,1,3,
BG,BG425,Kardzhali,Кърджали,1,3,
CY,CY,Kýpros,Κύπρος,,,
CY,CY0,Kýpros,Κύπρος,,,
CY,CY00,Kýpros,Κύπρος,,,
CY,CY000,Kýpros,Κύπρος,,2,1
CZ,CZ,Česko,Česko,,,
CZ,CZ0,Česko,Česko,,,
CZ,CZ01,Praha,Praha,,,
CZ,CZ010,Hlavní město Praha,Hlavní město Praha,,1,
CZ,CZ02,Střední Čechy,Střední Čechy,,,
CZ,CZ020,Středočeský kraj,Středočeský kraj,,2,
CZ,CZ03,Jihozápad,Jihozápad,,,
CZ,CZ031,Jihočeský kraj,Jihočeský kraj,,3,
CZ,CZ032,Plzeňský kraj,Plzeňský kraj,,3,
CZ,CZ04,Severozápad,Severozápad,,,
CZ,CZ041,Karlovarský kraj,Karlovarský kraj,1,2,
CZ,CZ042,Ústecký kraj,Ústecký kraj,,2,
CZ,CZ05,Severovýchod,Severovýchod,,,
CZ,CZ051,Liberecký kraj,Liberecký kraj,1,2,
CZ,CZ052,Královéhradecký kraj,Královéhradecký kraj,,3,
LT,LT,Lietuva,Lietuva,,,
LT,LT0,Lietuva,Lietuva,,,
LT,LT01,Sostinės regionas,Sostinės regionas,,,
LT,LT011,Vilniaus apskritis,Vilniaus apskritis,,1,
LT,LT02,Vidurio ir vakarų Lietuvos regionas ,Vidurio ir vakarų Lietuvos regionas ,,,
LT,LT021,Alytaus apskritis,Alytaus apskritis,,2,
LT,LT022,Kauno apskritis,Kauno apskritis,,2,
LT,LT023,Klaipėdos apskritis,Klaipėdos apskritis,,2,1
LT,LT024,Marijampolės apskritis,Marijampolės apskritis,,3,
LT,LT025,Panevėžio apskritis,Panevėžio apskritis,,2,
LT,LT026,Šiaulių apskritis,Šiaulių apskritis,,2,
LT,LT027,Tauragės apskritis,Tauragės apskritis,,3,
LT,LT028,Telšių apskritis,Telšių apskritis,,2,
LT,LT029,Utenos apskritis,Utenos apskritis,,2,
LU,LU,Luxembourg,Luxembourg,,,
LU,LU0,Luxembourg,Luxembourg,,,
LU,LU00,Luxembourg,Luxembourg,,,
LU,LU000,Luxembourg,Luxembourg,,2,
LV,LV,Latvija,Latvija,,,
LV,LV0,Latvija,Latvija,,,
LV,LV00,Latvija,Latvija,,,
LV,LV005,Latgale,Latgale,,2,
LV,LV009,Zemgale,Zemgale,,3,
LV,LV00A,Rīga,Rīga,,1,1
LV,LV00B,Kurzeme,Kurzeme,,2,1
LV,LV00C,Vidzeme,Vidzeme,,3,1
MT,MT,Malta,Malta,,,
MT,MT0,Malta,Malta,,,
MT,MT00,Malta,Malta,,,
MT,MT001,Malta,Malta,,1,1
MT,MT002,Gozo and Comino/Għawdex u Kemmuna,Gozo and Comino/Għawdex u Kemmuna,,1,1
NL,NL,Nederland,Nederland,,,
NL,NL1,Noord-Nederland,Noord-Nederland,,,
NL,NL11,Groningen,Groningen,,,
NL,NL112,Delfzijl en omgeving,Delfzijl en omgeving,,2,1
NL,NL114,Oost-Groningen,Oost-Groningen,,2,1
NL,NL115,Overig Groningen,Overig Groningen,,2,1
NL,NL12,Friesland (NL),Friesland (NL),,,
NL,NL126,Zuidoost-Friesland,Zuidoost-Friesland,,2,1
NL,NL127,Noord-Friesland,Noord-Friesland,,2,1
NL,NL128,Zuidwest-Friesland,Zuidwest-Friesland,,2,1
NL,NL13,Drenthe,Drenthe,,,
NL,NL131,Noord-Drenthe,Noord-Drenthe,,2,1
NL,NL132,Zuidoost-Drenthe,Zuidoost-Drenthe,,2,
NL,NL133,Zuidwest-Drenthe,Zuidwest-Drenthe,,2,
NL,NL2,Oost-Nederland,Oost-Nederland,,,
NL,NL21,Overijssel,Overijssel,,,
NL,NL211,Noord-Overijssel,Noord-Overijssel,,2,
NL,NL212,Zuidwest-Overijssel,Zuidwest-Overijssel,,2,
NL,NL213,Twente,Twente,,1,
NL,NL22,Gelderland,Gelderland,,,
NL,NL221,Veluwe,Veluwe,,1,
NL,NL224,Zuidwest-Gelderland,Zuidwest-Gelderland,,2,
NL,NL225,Achterhoek,Achterhoek,,2,
NL,NL226,Arnhem/Nijmegen,Arnhem/Nijmegen,,1,
NL,NL23,Flevoland,Flevoland,,,
NL,NL230,Flevoland,Flevoland,,1,1
NL,NL3,West-Nederland,West-Nederland,,,
NL,NL32,Noord-Holland,Noord-Holland,,,
NL,NL321,Kop van Noord-Holland,Kop van Noord-Holland,,1,1
NL,NL323,IJmond,IJmond,,1,1
NL,NL328,Alkmaar en omgeving,Alkmaar en omgeving,,1,1
NL,NL32A,Agglomeratie Haarlem,Agglomeratie Haarlem,,1,1
NL,NL32B,Groot-Amsterdam,Groot-Amsterdam,,1,1
NL,NL34,Zeeland,Zeeland,,,
NL,NL341,Zeeuwsch-Vlaanderen,Zeeuwsch-Vlaanderen,,3,1
NL,NL342,Overig Zeeland,Overig Zeeland,,2,1
NL,NL35,Utrecht,Utrecht,,,
NL,NL350,Utrecht,Utrecht,,1,
NL,NL36,Zuid-Holland,Zuid-Holland,,,
NL,NL361,Agglomeratie 's-Gravenhage,Agglomeratie 's-Gravenhage,,1,1
NL,NL362,Delft en Westland,Delft en Westland,,1,1
NL,NL363,Agglomeratie Leiden en Bollenstreek,Agglomeratie Leiden en Bollenstreek,,1,1
NL,NL364,Zuidoost-Zuid-Holland,Zuidoost-Zuid-Holland,,1,1
NL,NL4,Zuid-Nederland,Zuid-Nederland,,,
NL,NL41,Noord-Brabant,Noord-Brabant,,,
NL,NL411,West-Noord-Brabant,West-Noord-Brabant,,1,1
NL,NL414,Zuidoost-Noord-Brabant,Zuidoost-Noord-Brabant,,1,
NL,NL415,Midden-Noord-Brabant,Midden-Noord-Brabant,,1,
NL,NL416,Noordoost-Noord-Brabant,Noordoost-Noord-Brabant,,1,
NL,NL42,Limburg (NL),Limburg (NL),,,
NL,NL423,Zuid-Limburg,Zuid-Limburg,,1,
PL,PL,Polska,Polska,,,
PL,PL2,Makroregion południowy,Makroregion południowy,,,
PL,PL21,Małopolskie,Małopolskie,,,
PL,PL213,Miasto Kraków,Miasto Kraków,,1,
PL,PL214,Krakowski,Krakowski,,3,
PL,PL217,Tarnowski,Tarnowski,,3,
PL,PL218,Nowosądecki,Nowosądecki,1,3,
PL,PL21A,Oświęcimski,Oświęcimski,,2,
PL,PL22,Śląskie,Śląskie,,,
PL,PL224,Częstochowski,Częstochowski,,2,
PL,PL225,Bielski,Bielski,1,2,
PL,PL227,Rybnicki,Rybnicki,,1,
PL,PL228,Bytomski,Bytomski,,2,
PL,PL229,Gliwicki,Gliwicki,,1,
PL,PL22A,Katowicki,Katowicki,,1,
PL,PL22B,Sosnowiecki,Sosnowiecki,,1,
PL,PL22C,Tyski,Tyski,,1,
PL,PL4,Makroregion północno-zachodni,Makroregion północno-zachodni,,,
PL,PL41,Wielkopolskie,Wielkopolskie,,,
PL,PL411,Pilski,Pilski,,3,
PL,PL414,Koniński,Koniński,,3,
PL,PL416,Kaliski,Kaliski,,3,
PL,PL417,Leszczyński,Leszczyński,,3,
PL,PL418,Poznański,Poznański,,2,
PL,PL42,Zachodniopomorskie,Zachodniopomorskie,,,
PL,PL424,Miasto Szczecin,Miasto Szczecin,,2,1
PL,PL426,Koszaliński,Koszaliński,,2,1
PL,PL427,Szczecinecko-pyrzycki,Szczecinecko-pyrzycki,,3,
PL,PL428,Szczeciński,Szczeciński,,2,1
PL,PL43,Lubuskie,Lubuskie,,,
PL,PL431,Gorzowski,Gorzowski,,2,
PL,PL5,Makroregion południowo-zachodni,Makroregion południowo-zachodni,,,
PL,PL51,Dolnośląskie,Dolnośląskie,,,
PL,PL515,Jeleniogórski,Jeleniogórski,,3,
PL,PL518,Wrocławski,Wrocławski,,2,
PL,PL52,Opolskie,Opolskie,,,
PL,PL523,Nyski,Nyski,,3,
PL,PL524,Opolski,Opolski,,2,
PL,PL6,Makroregion północny,Makroregion północny,,,
PL,PL61,Kujawsko-pomorskie,Kujawsko-pomorskie,,,
PL,PL613,Bydgosko-toruński,Bydgosko-toruński,,2,
PL,PL619,Włocławski,Włocławski,,3,
PL,PL62,Warmińsko-mazurskie,Warmińsko-mazurskie,,,
PL,PL621,Elbląski,Elbląski,,2,1
PL,PL622,Olsztyński,Olsztyński,,2,
PL,PL623,Ełcki,Ełcki,,2,
PL,PL63,Pomorskie,Pomorskie,,,
PL,PL634,Gdański,Gdański,,2,1
PL,PL636,Słupski,Słupski,,2,1
PL,PL637,Chojnicki,Chojnicki,,3,
PL,PL638,Starogardzki,Starogardzki,,2,1
PL,PL7,Makroregion centralny,Makroregion centralny,,,
PL,PL71,Łódzkie,Łódzkie,,,
PL,PL711,Miasto Łódź,Miasto Łódź,,1,
PL,PL712,Łódzki,Łódzki,,1,
PL,PL713,Piotrkowski,Piotrkowski,,3,
PL,PL714,Sieradzki,Sieradzki,,3,
PL,PL715,Skierniewicki,Skierniewicki,,3,
PL,PL72,Świętokrzyskie,Świętokrzyskie,,,
PL,PL721,Kielecki,Kielecki,,2,
PL,PL722,Sandomiersko-jędrzejowski,Sandomiersko-jędrzejowski,,3,
PL,PL8,Makroregion wschodni,Makroregion wschodni,,,
PL,PL81,Lubelskie,Lubelskie,,,
PL,PL811,Bialski,Bialski,,3,
PL,PL812,Chełmsko-zamojski,Chełmsko-zamojski,,3,
PL,PL814,Lubelski,Lubelski,,2,
PL,PL815,Puławski,Puławski,,3,
PL,PL82,Podkarpackie,Podkarpackie,,,
PL,PL821,Krośnieński,Krośnieński,1,3,
PL,PL822,Przemyski,Przemyski,,3,
PL,PL823,Rzeszowski,Rzeszowski,,2,
PL,PL824,Tarnobrzeski,Tarnobrzeski,,3,
PL,PL84,Podlaskie,Podlaskie,,,
PL,PL841,Białostocki,Białostocki,,2,
PL,PL842,Łomżyński,Łomżyński,,3,
PL,PL843,Suwalski,Suwalski,,3,
PL,PL9,Makroregion województwo mazowieckie,Makroregion województwo mazowieckie,,,
PL,PL91,Warszawski stołeczny,Warszawski stołeczny,,,
PL,PL911,Miasto Warszawa,Miasto Warszawa,,1,
PL,PL913,Warszawski zachodni,Warszawski zachodni,,2,
PL,PL92,Mazowiecki regionalny,Mazowiecki regionalny,,,
PL,PL921,Radomski,Radomski,,3,
PL,PL922,Ciechanowski,Ciechanowski,,3,
PL,PL923,Płocki,Płocki,,3,
PL,PL925,Siedlecki,Siedlecki,,3,
PT,PT,Portugal,Portugal,,,
PT,PT1,Continente,Continente,,,
PT,PT11,Norte,Norte,,,
PT,PT112,Cávado,Cávado,1,2,1
PT,PT119,Ave,Ave,1,2,1
PT,PT11A,Área Metropolitana do Porto,Área Metropolitana do Porto,,1,1
PT,PT11C,Tâmega e Sousa,Tâmega e Sousa,1,2,1
PT,PT11E,Terras de Trás-os-Montes,Terras de Trás-os-Montes,1,3,
PT,PT15,Algarve,Algarve,,,
PT,PT150,Algarve,Algarve,,2,1
PT,PT19,Centro (PT),Centro (PT),,,
PT,PT191,Região de Aveiro,Região de Aveiro,,2,1
PT,PT192,Região de Coimbra,Região de Coimbra,,3,1
PT,PT193,Região de Leiria,Região de Leiria,,3,1
PT,PT194,Viseu Dão Lafões,Viseu Dão Lafões,1,3,
PT,PT195,Beira Baixa,Beira Baixa,,3,
PT,PT196,Beiras e Serra da Estrela,Beiras e Serra da Estrela,1,3,
PT,PT1A,Grande Lisboa,Grande Lisboa,,,
PT,PT1A0,Grande Lisboa,Grande Lisboa,,1,1
PT,PT1B,Península de Setúbal,Península de Setúbal,,,
PT,PT1B0,Península de Setúbal,Península de Setúbal,,1,1
PT,PT1C,Alentejo,Alentejo,,,
PT,PT1C1,Alentejo Litoral,Alentejo Litoral,,3,1
PT,PT1C2,Baixo Alentejo,Baixo Alentejo,,3,
PT,PT1C3,Alto Alentejo,Alto Alentejo,,3,
PT,PT1C4,Alentejo Central,Alentejo Central,,3,
PT,PT1D,Oeste e Vale do Tejo,Oeste e Vale do Tejo,,,
PT,PT1D1,Oeste,Oeste,,3,1
PT,PT1D2,Médio Tejo,Médio Tejo,,3,
PT,PT1D3,Lezíria do Tejo,Lezíria do Tejo,,3,1
PT,PT2,Região Autónoma dos Açores,Região Autónoma dos Açores,,,
PT,PT20,Região Autónoma dos Açores,Região Autónoma dos Açores,,,
PT,PT200,Região Autónoma dos Açores,Região Autónoma dos Açores,1,2,1
PT,PT3,Região Autónoma da Madeira,Região Autónoma da Madeira,,,
PT,PT30,Região Autónoma da Madeira,Região Autónoma da Madeira,,,
PT,PT300,Região Autónoma da Madeira,Região Autónoma da Madeira,1,1,1
RO,RO,România,România,,,
RO,RO1,Macroregiunea Unu,Macroregiunea Unu,,,
RO,RO11,Nord-Vest,Nord-Vest,,,
RO,RO111,Bihor,Bihor,,3,
RO,RO112,Bistriţa-Năsăud,Bistriţa-Năsăud,1,3,
RO,RO113,Cluj,Cluj,1,2,
RO,RO114,Maramureş,Maramureş,1,3,
RO,RO115,Satu Mare,Satu Mare,,3,
RO,RO116,Sălaj,Sălaj,,3,
RO,RO12,Centru,Centru,,,
RO,RO121,Alba,Alba,1,3,
RO,RO122,Braşov,Braşov,1,2,
RO,RO123,Covasna,Covasna,1,3,
RO,RO124,Harghita,Harghita,1,3,
RO,RO125,Mureş,Mureş,,2,
RO,RO126,Sibiu,Sibiu,,2,
RO,RO2,Macroregiunea Doi,Macroregiunea Doi,,,
RO,RO21,Nord-Est,Nord-Est,,,
RO,RO211,Bacău,Bacău,1,2,
RO,RO212,Botoşani,Botoşani,,3,
RO,RO213,Iaşi,Iaşi,,2,
RO,RO214,Neamţ,Neamţ,1,3,
RO,RO215,Suceava,Suceava,1,3,
RO,RO216,Vaslui,Vaslui,,3,
RO,RO22,Sud-Est,Sud-Est,,,
RO,RO221,Brăila,Brăila,,2,
RO,RO222,Buzău,Buzău,,3,
RO,RO223,Constanţa,Constanţa,,2,1
RO,RO224,Galaţi,Galaţi,,2,
RO,RO225,Tulcea,Tulcea,,3,1
RO,RO226,Vrancea,Vrancea,1,3,
RO,RO3,Macroregiunea Trei,Macroregiunea Trei,,,
RO,RO31,Sud-Muntenia,Sud-Muntenia,,,
RO,RO311,Argeş,Argeş,,2,
RO,RO312,Călăraşi,Călăraşi,,3,
RO,RO313,Dâmboviţa,Dâmboviţa,,3,
RO,RO314,Giurgiu,Giurgiu,,3,
RO,RO315,Ialomiţa,Ialomiţa,,3,
RO,RO316,Prahova,Prahova,1,2,
RO,RO317,Teleorman,Teleorman,,3,
RO,RO32,Bucureşti-Ilfov,Bucureşti-Ilfov,,,
RO,RO321,Bucureşti,Bucureşti,,1,
RO,RO322,Ilfov,Ilfov,,1,
RO,RO4,Macroregiunea Patru,Macroregiunea Patru,,,
RO,RO41,Sud-Vest Oltenia,Sud-Vest Oltenia,,,
RO,RO411,Dolj,Dolj,,2,
RO,RO412,Gorj,Gorj,,3,
RO,RO415,Vâlcea,Vâlcea,1,3,
RO,RO42,Vest,Vest,,,
RO,RO421,Arad,Arad,,2,
RO,RO422,Caraş-Severin,Caraş-Severin,1,3,
SE,SE,Sverige,Sverige,,,
SE,SE1,Östra Sverige,Östra Sverige,,,
SE,SE11,Stockholm,Stockholm,,,
SE,SE12,Östra Mellansverige,Östra Mellansverige,,,
SE,SE121,Uppsala län,Uppsala län,,2,1
SE,SE123,Östergötlands län,Östergötlands län,,2,1
SE,SE124,Örebro län,Örebro län,,2,
SE,SE125,Västmanlands län,Västmanlands län,,2,
SE,SE2,Södra Sverige,Södra Sverige,,,
SE,SE21,Småland med öarna,Småland med öarna,,,
SE,SE211,Jönköpings län,Jönköpings län,,2,
SE,SE212,Kronobergs län,Kronobergs län,,2,
SE,SE213,Kalmar län,Kalmar län,,3,1
SE,SE214,Gotlands län,Gotlands län,,3,1
SE,SE22,Sydsverige,Sydsverige,,,
SE,SE221,Blekinge län,Blekinge län,,2,1
SE,SE224,Skåne län,Skåne län,,2,1
SE,SE23,Västsverige,Västsverige,,,
SE,SE231,Hallands län,Hallands län,,2,1
SE,SE232,Västra Götalands län,Västra Götalands län,,1,1
SE,SE3,Norra Sverige,Norra Sverige,,,
SE,SE31,Norra Mellansverige,Norra Mellansverige,,,
SE,SE311,Värmlands län,Värmlands län,,2,
SE,SE312,Dalarnas län,Dalarnas län,,3,
SE,SE313,Gävleborgs län,Gävleborgs län,,2,1
SE,SE32,Mellersta Norrland,Mellersta Norrland,,,
SE,SE321,Västernorrlands län,Västernorrlands län,,2,1
SE,SE322,Jämtlands län,Jämtlands län,,3,
SE,SE33,Övre Norrland,Övre Norrland,,,
SE,SE332,Norrbottens län,Norrbottens län,,2,1
SI,SI,Slovenija,Slovenija,,,
SI,SI0,Slovenija,Slovenija,,,
SI,SI03,Vzhodna Slovenija,Vzhodna Slovenija,,,
SI,SI032,Podravska,Podravska,,3,
SI,SI033,Koroška,Koroška,1,3,
SI,SI034,Savinjska,Savinjska,1,3,
SI,SI035,Zasavska,Zasavska,1,3,
SI,SI037,Jugovzhodna Slovenija,Jugovzhodna Slovenija,1,3,
SI,SI038,Primorsko-notranjska,Primorsko-notranjska,1,3,1
SI,SI04,Zahodna Slovenija,Zahodna Slovenija,,,
SI,SI041,Osrednjeslovenska,Osrednjeslovenska,1,2,
SI,SI042,Gorenjska,Gorenjska,1,2,
SI,SI043,Goriška,Goriška,1,3,1
SI,SI044,Obalno-kraška,Obalno-kraška,1,2,1
SK,SK,Slovensko,Slovensko,,,
SK,SK0,Slovensko,Slovensko,,,
SK,SK01,Bratislavský kraj,Bratislavský kraj,,,
SK,SK02,Západné Slovensko,Západné Slovensko,,,
SK,SK021,Trnavský kraj,Trnavský kraj,,3,
SK,SK022,Trenčiansky kraj,Trenčiansky kraj,1,2,
SK,SK023,Nitriansky kraj,Nitriansky kraj,,3,
SK,SK03,Stredné Slovensko,Stredné Slovensko,,,
SK,SK031,Žilinský kraj,Žilinský kraj,1,2,
SK,SK032,Banskobystrický kraj,Banskobystrický kraj,1,3,
SK,SK04,Východné Slovensko,Východné Slovensko,,,
SK,SK042,Košický kraj,Košický kraj,1,2,
CH,CH,Schweiz/Suisse/Svizzera,Schweiz/Suisse/Svizzera,,,
CH,CH0,Schweiz/Suisse/Svizzera,Schweiz/Suisse/Svizzera,,,
CH,CH01,Région lémanique,Région lémanique,,,
CH,CH011,Vaud,Vaud,1,,
CH,CH012,Valais / Wallis,Valais / Wallis,1,,
CH,CH013,Genève,Genève,1,,
IS,IS,Ísland,Ísland,,,
IS,IS0,Ísland,Ísland,,,
IS,IS00,Ísland,Ísland,,,
IS,IS001,Höfuðborgarsvæði,Höfuðborgarsvæði,,,
IS,IS002,Landsbyggð,Landsbyggð,,,
LI,LI,Liechtenstein,Liechtenstein,,,
LI,LI0,Liechtenstein,Liechtenstein,,,
LI,LI00,Liechtenstein,Liechtenstein,,,
LI,LI000,Liechtenstein,Liechtenstein,1,,
NO,NO,Norge,Norge,,,
AL,AL,Shqipëria,Shqipëria,,,
AL,AL0,Shqipëria,Shqipëria,,,
AL,AL01,Veri,Veri,,,
AL,AL011,Dibër,Dibër,,,
AL,AL012,Durrës,Durrës,,,
AL,AL013,Kukës,Kukës,,,
AL,AL014,Lezhë,Lezhë,,,
AL,AL015,Shkodër,Shkodër,,,
AL,AL02,Qender,Qender,,,
AL,AL021,Elbasan,Elbasan,,,
AL,AL022,Tiranë,Tiranë,,,
AL,AL03,Jug,Jug,,,
AL,AL031,Berat,Berat,,,
AL,AL032,Fier,Fier,,,
AL,AL033,Gjirokastër,Gjirokastër,,,
AL,AL034,Korcë,Korcë,,,
AL,AL035,Vlorë,Vlorë,,,
ME,ME,Crna Gora,Црна Гора,,,
ME,ME0,Crna Gora,Црна Гора,,,
ME,ME00,Crna Gora,Црна Гора,,,
ME,ME000,Crna Gora,Црна Гора,,,
MK,MK,Severna Makedonija ,Северна Македонија,,,
MK,MK0,Severna Makedonija ,Северна Македонија,,,
MK,MK00,Severna Makedonija ,Северна Македонија,,,
MK,MK001,Vardarski,Вардарски,,,
MK,MK002,Istočen,Источен,,,
MK,MK003,Jugozapaden,Југозападен,,,
MK,MK004,Jugoistočen,Југоисточен,,,
MK,MK005,Pelagoniski,Пелагониски,,,
MK,MK006,Pološki,Полошки,,,
MK,MK007,Severoistočen,Североисточен,,,
MK,MK008,Skopski,Скопски,,,
NO,NO0,Norge,Norge,,,
NO,NO02,Innlandet,Innlandet,,,
NO,NO020,Innlandet,Innlandet,1,,
NO,NO06,Trøndelag/Tröönndelage,Trøndelag/Tröönndelage,,,
NO,NO060,Trøndelag/Tröönndelage,Trøndelag/Tröönndelage,1,,
NO,NO07,Nord-Norge,Nord-Norge,,,
NO,NO071,Nordland/Nordlánnda,Nordland/Nordlánnda,1,,
NO,NO072,Troms/Romsa/Tromssa,Troms/Romsa/Tromssa,1,,
NO,NO073,Finnmark/Finnmárku/Finmarkku,Finnmark/Finnmárku/Finmarkku,,,
NO,NO08,Oslo og Viken,Oslo og Viken,,,
NO,NO081,Oslo,Oslo,1,,
NO,NO083,Østfold,Østfold,,,
NO,NO084,Akershus,Akershus,,,
NO,NO085,Buskerud,Buskerud,1,,
NO,NO09,Agder og Sør-Østlandet,Agder og Sør-Østlandet,,,
NO,NO092,Agder,Agder,1,,
NO,NO093,Vestfold,Vestfold,,,
NO,NO094,Telemark,Telemark,1,,
NO,NO0A,Vestlandet,Vestlandet,,,
NO,NO0A1,Rogaland,Rogaland,1,,
NO,NO0A2,Vestland,Vestland,1,,
NO,NO0A3,Møre og Romsdal,Møre og Romsdal,1,,
NO,NO0B,Svalbard og Jan Mayen,Svalbard og Jan Mayen,,,
NO,NO0B1,Jan Mayen,Jan Mayen,,,
NO,NO0B2,Svalbard,Svalbard,,,
RS,RS,Serbia,Srbija/Србија,,,
RS,RS1,Serbia - sever,Србија - север ,,,
RS,RS11,City of Belgrade,Београдски регион,,,
RS,RS110,City of Belgrade,Београдска област,,,
RS,RS12,Autonomous Province of Vojvodina,Регион Војводине,,,
RS,RS121,Zapadnobačka oblast ,Западнобачка област,,,
RS,RS122,Južnobanatska oblast,Јужнобанатска област,,,
RS,RS123,Južnobačka oblast,Јужнобачка област,,,
RS,RS124,Severnobanatska oblast,Севернобанатска област,,,
RS,RS125,Severnobačka oblast,Севернобачка област,,,
RS,RS126,Srednjobanatska oblast,Средњобанатска област,,,
RS,RS127,Sremska oblast,Сремска област,,,
RS,RS2,Serbia - jug ,Србија - југ ,,,
RS,RS21,Region Šumadije i Zapadne Srbije,Регион Шумадије и Западне Србије,,,
RS,RS211,Zlatiborska oblast,Златиборска област,,,
RS,RS212,Kolubarska oblast,Колубарска област,,,
RS,RS213,Mačvanska oblast,Мачванска област,,,
RS,RS214,Moravička oblast,Моравичка област,,,
RS,RS215,Pomoravska oblast,Поморавска област,,,
RS,RS216,Rasinska oblast,Расинска област,,,
RS,RS217,Raška oblast,Рашка област,,,
RS,RS218,Šumadijska oblast,Шумадијска област,,,
RS,RS22,Region Južne i Istočne Srbije,Регион Јужне и Источне Србије,,,
RS,RS221,Borska oblast,Борска област,1,,
RS,RS222,Braničevska oblast,Браничевска област,,,
RS,RS223,Zaječarska oblast,Зајечарска област,,,
RS,RS224,Jablanička oblast,Јабланичка област,,,
RS,RS225,Nišavska oblast,Нишавска област,,,
RS,RS226,Pirotska oblast,Пиротска област,,,
RS,RS227,Podunavska oblast,Подунавска област,,,
RS,RS228,Pčinjska oblast,Пчињска област,,,
RS,RS229,Toplička oblast,Топличка област,,,
TR,TR,Türkiye,Türkiye,,,
TR,TR1,İstanbul,İstanbul,,,
TR,TR10,İstanbul,İstanbul,,,
TR,TR100,İstanbul,İstanbul,,,
TR,TR2,Batı Marmara,Batı Marmara,,,
TR,TR21,"Tekirdağ, Edirne, Kırklareli","Tekirdağ, Edirne, Kırklareli",,,
TR,TR211,Tekirdağ,Tekirdağ,,,
TR,TR212,Edirne,Edirne,,,
TR,TR213,Kırklareli,Kırklareli,,,
TR,TR22,"Balıkesir, Çanakkale","Balıkesir, Çanakkale",,,
TR,TR221,Balıkesir,Balıkesir,,,
TR,TR222,Çanakkale,Çanakkale,,,
TR,TR3,Ege,Ege,,,
TR,TR31,İzmir,İzmir,,,
TR,TR310,İzmir,İzmir,,,
TR,TR32,"Aydın, Denizli, Muğla","Aydın, Denizli, Muğla",,,
TR,TR321,Aydın,Aydın,,,
TR,TR322,Denizli,Denizli,,,
TR,TR323,Muğla,Muğla,,,
TR,TR33,"Manisa, Afyonkarahisar, Kütahya, Uşak","Manisa, Afyonkarahisar, Kütahya, Uşak",,,
TR,TR331,Manisa,Manisa,,,
TR,TR332,Afyonkarahisar,Afyonkarahisar,,,
TR,TR333,Kütahya,Kütahya,,,
TR,TR334,Uşak,Uşak,,,
TR,TR4,Doğu Marmara,Doğu Marmara,,,
TR,TR41,"Bursa, Eskişehir, Bilecik","Bursa, Eskişehir, Bilecik",,,
TR,TR411,Bursa,Bursa,,,
TR,TR412,Eskişehir,Eskişehir,,,
TR,TR413,Bilecik,Bilecik,,,
TR,TR42,"Kocaeli, Sakarya, Düzce, Bolu, Yalova","Kocaeli, Sakarya, Düzce, Bolu, Yalova",,,
TR,TR421,Kocaeli,Kocaeli,,,
TR,TR422,Sakarya,Sakarya,,,
TR,TR423,Düzce,Düzce,,,
TR,TR424,Bolu,Bolu,,,
TR,TR425,Yalova,Yalova,,,
TR,TR5,Batı Anadolu,Batı Anadolu,,,
TR,TR51,Ankara,Ankara,,,
TR,TR510,Ankara,Ankara,,,
TR,TR52,"Konya, Karaman","Konya, Karaman",,,
TR,TR521,Konya,Konya,,,
TR,TR522,Karaman,Karaman,,,
TR,TR6,Akdeniz,Akdeniz,,,
TR,TR61,"Antalya, Isparta, Burdur","Antalya, Isparta, Burdur",,,
TR,TR611,Antalya,Antalya,,,
TR,TR612,Isparta,Isparta,,,
TR,TR613,Burdur,Burdur,,,
TR,TR62,"Adana, Mersin","Adana, Mersin",,,
TR,TR621,Adana,Adana,,,
TR,TR622,Mersin,Mersin,,,
TR,TR63,"Hatay, Kahramanmaraş, Osmaniye","Hatay, Kahramanmaraş, Osmaniye",,,
TR,TR631,Hatay,Hatay,,,
TR,TR632,Kahramanmaraş,Kahramanmaraş,,,
TR,TR633,Osmaniye,Osmaniye,,,
TR,TR7,Orta Anadolu,Orta Anadolu,,,
TR,TR71,"Kırıkkale, Aksaray, Niğde, Nevşehir, Kırşehir","Kırıkkale, Aksaray, Niğde, Nevşehir, Kırşehir",,,
TR,TR711,Kırıkkale,Kırıkkale,,,
TR,TR712,Aksaray,Aksaray,,,
TR,TR713,Niğde,Niğde,,,
TR,TR714,Nevşehir,Nevşehir,,,
TR,TR715,Kırşehir,Kırşehir,,,
TR,TR72,"Kayseri, Sivas, Yozgat","Kayseri, Sivas, Yozgat",,,
TR,TR721,Kayseri,Kayseri,,,
TR,TR722,Sivas,Sivas,,,
TR,TR723,Yozgat,Yozgat,,,
TR,TR8,Batı Karadeniz,Batı Karadeniz,,,
TR,TR81,"Zonguldak, Karabük, Bartın","Zonguldak, Karabük, Bartın",,,
TR,TR811,Zonguldak,Zonguldak,,,
TR,TR812,Karabük,Karabük,,,
TR,TR813,Bartın,Bartın,,,
TR,TR82,"Kastamonu, Çankırı, Sinop","Kastamonu, Çankırı, Sinop",,,
TR,TR821,Kastamonu,Kastamonu,,,
TR,TR822,Çankırı,Çankırı,,,
TR,TR823,Sinop,Sinop,,,
TR,TR83,"Samsun, Tokat, Çorum, Amasya","Samsun, Tokat, Çorum, Amasya",,,
TR,TR831,Samsun,Samsun,,,
TR,TR832,Tokat,Tokat,,,
TR,TR833,Çorum,Çorum,,,
TR,TR834,Amasya,Amasya,,,
TR,TR9,Doğu Karadeniz,Doğu Karadeniz,,,
TR,TR90,"Trabzon, Ordu, Giresun, Rize, Artvin, Gümüşhane","Trabzon, Ordu, Giresun, Rize, Artvin, Gümüşhane",,,
TR,TR901,Trabzon,Trabzon,,,
TR,TR902,Ordu,Ordu,,,
TR,TR903,Giresun,Giresun,,,
TR,TR904,Rize,Rize,,,
TR,TR905,Artvin,Artvin,,,
TR,TR906,Gümüşhane,Gümüşhane,,,
TR,TRA,Kuzeydoğu Anadolu,Kuzeydoğu Anadolu,,,
TR,TRA1,"Erzurum, Erzincan, Bayburt","Erzurum, Erzincan, Bayburt",,,
TR,TRA11,Erzurum,Erzurum,,,
TR,TRA12,Erzincan,Erzincan,,,
TR,TRA13,Bayburt,Bayburt,,,
TR,TRA2,"Ağrı, Kars, Iğdır, Ardahan","Ağrı, Kars, Iğdır, Ardahan",,,
TR,TRA21,Ağrı,Ağrı,,,
TR,TRA22,Kars,Kars,,,
TR,TRA23,Iğdır,Iğdır,,,
TR,TRA24,Ardahan,Ardahan,,,
TR,TRB,Ortadoğu Anadolu,Ortadoğu Anadolu,,,
TR,TRB1,"Malatya, Elazığ, Bingöl, Tunceli","Malatya, Elazığ, Bingöl, Tunceli",,,
TR,TRB11,Malatya,Malatya,,,
TR,TRB12,Elazığ,Elazığ,,,
TR,TRB13,Bingöl,Bingöl,,,
TR,TRB14,Tunceli,Tunceli,,,
TR,TRB2,"Van, Muş, Bitlis, Hakkari","Van, Muş, Bitlis, Hakkari",,,
TR,TRB21,Van,Van,,,
TR,TRB22,Muş,Muş,,,
TR,TRB23,Bitlis,Bitlis,,,
TR,TRB24,Hakkari,Hakkari,,,
TR,TRC,Güneydoğu Anadolu,Güneydoğu Anadolu,,,
TR,TRC1,"Gaziantep, Adıyaman, Kilis","Gaziantep, Adıyaman, Kilis",,,
TR,TRC11,Gaziantep,Gaziantep,,,
TR,TRC12,Adıyaman,Adıyaman,,,
TR,TRC13,Kilis,Kilis,,,
TR,TRC2,"Şanlıurfa, Diyarbakır","Şanlıurfa, Diyarbakır",,,
TR,TRC21,Şanlıurfa,Şanlıurfa,,,
TR,TRC22,Diyarbakır,Diyarbakır,,,
TR,TRC3,"Mardin, Batman, Şırnak, Siirt","Mardin, Batman, Şırnak, Siirt",,,
TR,TRC31,Mardin,Mardin,,,
TR,TRC32,Batman,Batman,,,
TR,TRC33,Şırnak,Şırnak,,,
TR,TRC34,Siirt,Siirt,,,
XK,XK,Kosovo*,Kosovo*,,,
XK,XK0,Kosovo,Kosovo,,,
XK,XK00,Kosovo,Kosovo,,,
XK,XK001,Prishtinë,Prishtinë,,,
XK,XK002,Mitrovicë,Mitrovicë,,,
XK,XK003,Pejë,Pejë,,,
XK,XK004,Prizren,Prizren,,,
XK,XK005,Ferizaj,Ferizaj,,,
XK,XK006,Gjilan,Gjilan,,,
XK,XK007,Gjakovë,Gjakovë,,,
UA,UA1,Macroregion_01,Макрорегіон_01,,,
UA,UA11,Poltavska Oblast,Полтавська Область,,,
UA,UA111,Kremenchutskyi Raion,Кременчуцький Район,,,
UA,UA112,Lubenskyi Raion,Лубенський Район,,,
UA,UA113,Myrhorodskyi Raion,Миргородський Район,,,
UA,UA114,Poltavskyi Raion,Полтавський Район,,,
UA,UA12,Sumska Oblast,Сумська Область,,,
UA,UA121,Konotopskyi Raion,Конотопський Район,,,
UA,UA122,Okhtyrskyi Raion,Охтирський Район,,,
UA,UA123,Romenskyi Raion,Роменський Район,,,
UA,UA124,Sumskyi Raion,Сумський Район,,,
UA,UA125,Shostkynskyi Raion,Шосткинський Район,,,
UA,UA13,Kharkivska Oblast,Харківська Область,,,
UA,UA131,Bohodukhivskyi Raion,Богодухівський Район,,,
UA,UA132,Iziumskyi Raion,Ізюмський Район,,,
UA,UA133,Krasnohradskyi Raion,Красноградський Район,,,
UA,UA134,Kupianskyi Raion,Куп'Янський Район,,,
UA,UA135,Lozivskyi Raion,Лозівський Район,,,
UA,UA136,Kharkivskyi Raion,Харківський Район,,,
UA,UA137,Chuhuivskyi Raion,Чугуївський Район,,,
UA,UA14,Chernihivska Oblast,Чернігівська Область,,,
UA,UA141,Koriukivskyi Raion,Корюківський Район,,,
UA,UA142,Nizhynskyi Raion,Ніжинський Район,,,
UA,UA143,Novhorod-Siverskyi Raion,Новгород-Сіверський Район,,,
UA,UA144,Prylutskyi Raion,Прилуцький Район,,,
UA,UA145,Chernihivskyi Raion,Чернігівський Район,,,
UA,UA2,Macroregion_02,Макрорегіон_02,,,
UA,UA21,Donetska Oblast,Донецька Область,,,
UA,UA211,Bakhmutskyi Raion,Бахмутський Район,,,
UA,UA212,Volnovaskyi Raion,Волноваський Район,,,
UA,UA213,Horlivskyi Raion,Горлівський Район,,,
UA,UA214,Donetskyi Raion,Донецький Район,,,
UA,UA215,Kalmiuskyi Raion,Кальміуський Район,,,
UA,UA216,Kramatorskyi Raion,Краматорський Район,,,
UA,UA217,Mariupolskyi Raion,Маріупольський Район,,,
UA,UA218,Pokrovskyi Raion,Покровський Район,,,
UA,UA22,Luhanska Oblast,Луганська Область,,,
UA,UA221,Alchevskyi Raion,Алчевський Район,,,
UA,UA222,Dovzhanskyi Raion,Довжанський Район,,,
UA,UA223,Luhanskyi Raion,Луганський Район,,,
UA,UA224,Rovenkivskyi Raion,Ровеньківський Район,,,
UA,UA225,Svativskyi Raion,Сватівський Район,,,
UA,UA226,Sievierodonetskyi Raion,Сіверодонецький Район,,,
UA,UA227,Starobilskyi Raion,Старобільський Район,,,
UA,UA228,Shchastynskyi Raion,Щастинський Район,,,
UA,UA3,Macroregion_03,Макрорегіон_03,,,
UA,UA31,Dnipropetrovska Oblast,Дніпропетровська Область,,,
UA,UA311,Dniprovskyi Raion,Дніпровський Район,,,
UA,UA312,Kamianskyi Raion,Кам'Янський Район,,,
UA,UA313,Kryvorizkyi Raion,Криворізький Район,,,
UA,UA314,Nikopolskyi Raion,Нікопольський Район,,,
UA,UA315,Novomoskovskyi Raion,Новомосковський Район,,,
UA,UA316,Pavlohradskyi Raion,Павлоградський Район,,,
UA,UA317,Synelnykivskyi Raion,Синельниківський Район,,,
UA,UA32,Zaporizka Oblast,Запорізька Область,,,
UA,UA321,Berdianskyi Raion,Бердянський Район,,,
UA,UA322,Vasylivskyi Raion,Василівський Район,,,
UA,UA323,Zaporizkyi Raion,Запорізький Район,,,
UA,UA324,Melitopolskyi Raion,Мелітопольський Район,,,
UA,UA325,Polohivskyi Raion,Пологівський Район,,,
UA,UA33,Kirovohradska Oblast,Кіровоградська Область,,,
UA,UA331,Holovanivskyi Raion,Голованівський Район,,,
UA,UA332,Kropyvnytskyi Raion,Кропивницький Район,,,
UA,UA333,Novoukrainskyi Raion,Новоукраїнський Район,,,
UA,UA334,Oleksandriiskyi Raion,Олександрійський Район,,,
UA,UA4,Macroregion_04,Макрорегіон_04,,,
UA,UA41,Mykolaivska Oblast,Миколаївська Область,,,
UA,UA411,Bashtanskyi Raion,Баштанський Район,,,
UA,UA412,Voznesenskyi Raion,Вознесенський Район,,,
UA,UA413,Mykolaivskyi Raion,Миколаївський Район,,,
UA,UA414,Pervomaiskyi Raion,Первомайський Район,,,
UA,UA42,Odeska Oblast,Одеська Область,,,
UA,UA421,Berezivskyi Raion,Березівський Район,,,
UA,UA422,Bilhorod-Dnistrovskyi Raion,Білгород-Дністровський Район,,,
UA,UA423,Bolhradskyi Raion,Болградський Район,,,
UA,UA424,Izmailskyi Raion,Ізмаїлський Район,,,
UA,UA425,Odeskyi Raion,Одеський Район,,,
UA,UA426,Podilskyi Raion,Подільський Район,,,
UA,UA427,Rozdilnianskyi Raion,Роздільнянський Район,,,
UA,UA43,Khersonska Oblast,Херсонська Область,,,
UA,UA44,Avtonomna Respublika Krym,АР Крим,,,
UA,UA45,M. Sevastopol,М. Севастополь,,,
UA,UA450,M. Sevastopol,М. Севастополь,,,
UA,UA5,Macroregion_05,Макрорегіон_05,,,
UA,UA51,Vinnytska Oblast,Вінницька Область,,,
UA,UA52,Ternopilska Oblast,Тернопільська Область,,,
UA,UA53,Khmelnytska Oblast,Хмельницька Область,,,
UA,UA6,Macroregion_06,Макрорегіон_06,,,
UA,UA61,Kyivska Oblast,Київська  Область,,,
UA,UA62,Cherkaska Oblast,Черкаська  Область,,,
UA,UA63,M. Kyiv,М. Київ ,,,
UA,UA630,M. Kyiv,М. Київ,,,
UA,UA7,Macroregion_07,Макрорегіон_07,,,
UA,UA71,Zakarpatska Oblast,Закарпатська Область,,,
UA,UA72,Ivano-Frankivska Oblast,Івано-Франківська Область,,,
UA,UA73,Lvivska Oblast,Львівська Область,,,
UA,UA74,Chernivetska Oblast,Чернівецька Область,,,
UA,UA8,Macroregion_08,Макрорегіон_08,,,
UA,UA81,Volynska Oblast,Волинська Область,,,
UA,UA82,Zhytomyrska Oblast,Житомирська Область,,,
UA,UA83,Rivnenska Oblast,Рівненська Область,,,
UA,UA,Ukraina,Україна,,,
ES,ES7,Canarias,Canarias,,,
ES,ES70,Canarias,Canarias,,,
ES,ES703,El Hierro,El Hierro,1,3,1
ES,ES705,Gran Canaria,Gran Canaria,1,1,1
ES,ES706,La Gomera,La Gomera,1,3,1
ES,ES707,La Palma,La Palma,1,2,1
ES,ES708,Lanzarote,Lanzarote,,2,1
ES,ES709,Tenerife,Tenerife,1,1,1
ES,ES704,Fuerteventura,Fuerteventura,,2,1
ES,ES614,Granada,Granada,1,2,1
FI,FI,Suomi/Finland,Suomi/Finland,,,
FI,FI1,Manner-Suomi,Manner-Suomi,,,
FI,FI19,Länsi-Suomi,Länsi-Suomi,,,
FI,FI196,Satakunta,Satakunta,,3,1
FI,FI198,Keski-Suomi,Keski-Suomi,,2,
FI,FI199,Etelä-Pohjanmaa,Etelä-Pohjanmaa,,3,
FI,FI19A,Pohjanmaa,Pohjanmaa,,3,1
FI,FI19B,Pirkanmaa,Pirkanmaa,,2,
FI,FI1B,Helsinki-Uusimaa,Helsinki-Uusimaa,,,
FI,FI1B1,Helsinki-Uusimaa,Helsinki-Uusimaa,,1,1
FI,FI1C,Etelä-Suomi,Etelä-Suomi,,,
FI,FI1C1,Varsinais-Suomi,Varsinais-Suomi,,2,1
FI,FI1C2,Kanta-Häme,Kanta-Häme,,2,
FI,FI1C5,Etelä-Karjala,Etelä-Karjala,,2,1
FI,FI1C6,Päijät-Häme,Päijät-Häme,,2,
FI,FI1C7,Kymenlaakso,Kymenlaakso,,2,1
FI,FI1D,Pohjois- ja Itä-Suomi,Pohjois- ja Itä-Suomi,,,
FI,FI1D5,Keski-Pohjanmaa,Keski-Pohjanmaa,,2,1
FI,FI1D7,Lappi,Lappi,,3,1
FI,FI1D8,Kainuu,Kainuu,,3,
FI,FI1D9,Pohjois-Pohjanmaa,Pohjois-Pohjanmaa,,2,1
FI,FI1DA,Etelä-Savo,Etelä-Savo,,3,
FI,FI1DB,Pohjois-Savo,Pohjois-Savo,,2,
FI,FI1DC,Pohjois-Karjala,Pohjois-Karjala,,3,
FI,FI2,Åland,Åland,,,
FI,FI20,Åland,Åland,,,
FI,FI200,Åland,Åland,,3,1
FR,FR,France,France,,,
FR,FR1,Ile-de-France,Ile-de-France,,,
FR,FR10,Ile-de-France,Ile-de-France,,,
FR,FR101,Paris,Paris,,1,
FR,FR102,Seine-et-Marne ,Seine-et-Marne ,,2,
FR,FR103,Yvelines ,Yvelines ,,1,
FR,FR104,Essonne,Essonne,,1,
FR,FR105,Hauts-de-Seine ,Hauts-de-Seine ,,1,
FR,FR106,Seine-Saint-Denis ,Seine-Saint-Denis ,,1,
FR,FR107,Val-de-Marne,Val-de-Marne,,1,
FR,FR108,Val-d'Oise,Val-d'Oise,,1,
FR,FRB,Centre — Val de Loire,Centre — Val de Loire,,,
FR,FRB0,Centre — Val de Loire,Centre — Val de Loire,,,
FR,FRB01,Cher,Cher,,3,
FR,FRB02,Eure-et-Loir,Eure-et-Loir,,3,
FR,FRB03,Indre,Indre,,3,
FR,FRB04,Indre-et-Loire,Indre-et-Loire,,2,
FR,FRB05,Loir-et-Cher,Loir-et-Cher,,3,
FR,FRB06,Loiret,Loiret,,2,
FR,FRC,Bourgogne-Franche-Comté,Bourgogne-Franche-Comté,,,
FR,FRC1,Bourgogne,Bourgogne,,,
FR,FRC11,Côte-d'Or,Côte-d'Or,,2,
FR,FRC12,Nièvre,Nièvre,,3,
FR,FRC13,Saône-et-Loire,Saône-et-Loire,,3,
FR,FRC14,Yonne,Yonne,,3,
FR,FRC2,Franche-Comté,Franche-Comté,,,
FR,FRC21,Doubs,Doubs,1,2,
FR,FRC22,Jura,Jura,1,3,
FR,FRC23,Haute-Saône,Haute-Saône,,3,
FR,FRC24,Territoire de Belfort,Territoire de Belfort,,2,
FR,FRD,Normandie,Normandie,,,
FR,FRD1,Basse-Normandie ,Basse-Normandie ,,,
FR,FRD11,Calvados ,Calvados ,,2,1
FR,FRD12,Manche ,Manche ,,3,1
FR,FRD13,Orne,Orne,,3,
FR,FRD2,Haute-Normandie ,Haute-Normandie ,,,
FR,FRD21,Eure,Eure,,3,1
FR,FRD22,Seine-Maritime,Seine-Maritime,,2,1
FR,FRE,Hauts-de-France,Hauts-de-France,,,
FR,FRE1,Nord-Pas de Calais,Nord-Pas de Calais,,,
FR,FRE11,Nord,Nord,,1,1
FR,FRE12,Pas-de-Calais,Pas-de-Calais,,2,1
FR,FRE2,Picardie,Picardie,,,
FR,FRE21,Aisne,Aisne,,3,
FR,FRE22,Oise,Oise,,2,
FR,FRE23,Somme,Somme,,3,1
FR,FRF,Grand Est,Grand Est,,,
FR,FRF1,Alsace,Alsace,,,
FR,FRF11,Bas-Rhin,Bas-Rhin,,2,
FR,FRF12,Haut-Rhin,Haut-Rhin,,2,
FR,FRF2,Champagne-Ardenne,Champagne-Ardenne,,,
FR,FRF21,Ardennes,Ardennes,,3,
FR,FRF22,Aube,Aube,,2,
FR,FRF23,Marne,Marne,,2,
FR,FRF24,Haute-Marne,Haute-Marne,,3,
FR,FRF3,Lorraine,Lorraine,,,
FR,FRF31,Meurthe-et-Moselle ,Meurthe-et-Moselle ,,2,
FR,FRF32,Meuse ,Meuse ,,3,
FR,FRF33,Moselle,Moselle,,2,
FR,FRF34,Vosges,Vosges,,3,
FR,FRG,Pays de la Loire,Pays de la Loire,,,
FR,FRG0,Pays de la Loire,Pays de la Loire,,,
FR,FRG01,Loire-Atlantique,Loire-Atlantique,,1,1
FR,FRG02,Maine-et-Loire,Maine-et-Loire,,2,
FR,FRG03,Mayenne,Mayenne,,3,
FR,FRG04,Sarthe,Sarthe,,3,
FR,FRG05,Vendée,Vendée,,3,1
FR,FRH,Bretagne,Bretagne,,,
FR,FRH0,Bretagne,Bretagne,,,
FR,FRH01,Côtes-d'Armor,Côtes-d'Armor,,3,1
FR,FRH02,Finistère,Finistère,,3,1
FR,FRH03,Ille-et-Vilaine,Ille-et-Vilaine,,2,1
FR,FRH04,Morbihan,Morbihan,,3,1
FR,FRI,Nouvelle-Aquitaine,Nouvelle-Aquitaine,,,
FR,FRI1,Aquitaine,Aquitaine,,,
FR,FRI11,Dordogne,Dordogne,,3,
FR,FRI12,Gironde,Gironde,,1,1
FR,FRI13,Landes,Landes,,3,1
FR,FRI14,Lot-et-Garonne,Lot-et-Garonne,,3,
FR,FRI15,Pyrénées-Atlantiques,Pyrénées-Atlantiques,,2,1
FR,FRI2,Limousin,Limousin,,,
FR,FRI21,Corrèze,Corrèze,,3,
FR,FRI22,Creuse,Creuse,,3,
FR,FRI23,Haute-Vienne,Haute-Vienne,,3,
FR,FRI3,Poitou-Charentes,Poitou-Charentes,,,
FR,FRI31,Charente,Charente,,3,
FR,FRI32,Charente-Maritime,Charente-Maritime,,3,1
FR,FRI33,Deux-Sèvres,Deux-Sèvres,,3,
FR,FRI34,Vienne,Vienne,,3,
FR,FRJ,Occitanie,Occitanie,,,
FR,FRJ1,Languedoc-Roussillon,Languedoc-Roussillon,,,
FR,FRJ11,Aude,Aude,,3,1
FR,FRJ12,Gard,Gard,,2,1
FR,FRJ13,Hérault,Hérault,,2,1
FR,FRJ14,Lozère,Lozère,1,3,
FR,FRJ15,Pyrénées-Orientales,Pyrénées-Orientales,1,2,1
FR,FRJ2,Midi-Pyrénées,Midi-Pyrénées,,,
FR,FRJ21,Ariège,Ariège,1,3,
FR,FRJ22,Aveyron,Aveyron,1,3,
FR,FRJ23,Haute-Garonne,Haute-Garonne,,1,
FR,FRJ24,Gers,Gers,,3,
FR,FRJ25,Lot,Lot,,3,
FR,FRJ26,Hautes-Pyrénées ,Hautes-Pyrénées ,1,3,
FR,FRJ27,Tarn,Tarn,,3,
FR,FRJ28,Tarn-et-Garonne,Tarn-et-Garonne,,3,
FR,FRK,Auvergne-Rhône-Alpes,Auvergne-Rhône-Alpes,,,
FR,FRK1,Auvergne,Auvergne,,,
FR,FRK11,Allier,Allier,,3,
FR,FRK12,Cantal,Cantal,1,3,
FR,FRK13,Haute-Loire,Haute-Loire,1,3,
FR,FRK14,Puy-de-Dôme,Puy-de-Dôme,1,2,
FR,FRK2,Rhône-Alpes,Rhône-Alpes,,,
FR,FRK21,Ain,Ain,,3,
FR,FRK22,Ardèche,Ardèche,1,3,
FR,FRK23,Drôme,Drôme,1,2,
FR,FRK24,Isère,Isère,1,2,
FR,FRK25,Loire,Loire,1,2,
FR,FRK26,Rhône,Rhône,1,1,
FR,FRK27,Savoie,Savoie,1,2,
FR,FRK28,Haute-Savoie,Haute-Savoie,1,2,
FR,FRL,Provence-Alpes-Côte d'Azur,Provence-Alpes-Côte d'Azur,,,
FR,FRL0,Provence-Alpes-Côte d'Azur,Provence-Alpes-Côte d'Azur,,,
FR,FRL01,Alpes-de-Haute-Provence,Alpes-de-Haute-Provence,1,3,
FR,FRL02,Hautes-Alpes ,Hautes-Alpes ,1,3,
FR,FRL03,Alpes-Maritimes,Alpes-Maritimes,1,1,1
FR,FRL04,Bouches-du-Rhône,Bouches-du-Rhône,,1,1
FR,FRL05,Var,Var,1,2,1
FR,FRL06,Vaucluse,Vaucluse,1,2,
FR,FRM,Corse,Corse,,,
FR,FRM0,Corse,Corse,,,
FR,FRM01,Corse-du-Sud,Corse-du-Sud,1,2,1
FR,FRM02,Haute-Corse,Haute-Corse,1,3,1
FR,FRY,RUP FR — Régions Ultrapériphériques Françaises,RUP FR — Régions Ultrapériphériques Françaises,,,
FR,FRY1,Guadeloupe,Guadeloupe,,,
FR,FRY10,Guadeloupe,Guadeloupe,,2,1
FR,FRY2,Martinique ,Martinique ,,,
FR,FRY20,Martinique ,Martinique ,,2,1
FR,FRY3,Guyane,Guyane,,,
FR,FRY30,Guyane,Guyane,,2,1
FR,FRY4,La Réunion ,La Réunion ,,,
FR,FRY40,La Réunion,La Réunion,,1,1
FR,FRY5,Mayotte,Mayotte,,,
FR,FRY50,Mayotte ,Mayotte ,,1,1
HR,HR,Hrvatska,Hrvatska,,,
HR,HR0,Hrvatska,Hrvatska,,,
HR,HR02,Panonska Hrvatska,Panonska Hrvatska,,,
HR,HR021,Bjelovarsko-bilogorska županija,Bjelovarsko-bilogorska županija,,3,
HR,HR022,Virovitičko-podravska županija,Virovitičko-podravska županija,,3,
HR,HR023,Požeško-slavonska županija,Požeško-slavonska županija,,3,
HR,HR024,Brodsko-posavska županija,Brodsko-posavska županija,,3,
HR,HR025,Osječko-baranjska županija,Osječko-baranjska županija,,2,
HR,HR026,Vukovarsko-srijemska županija,Vukovarsko-srijemska županija,,3,
HR,HR027,Karlovačka županija,Karlovačka županija,,3,
HR,HR028,Sisačko-moslavačka županija,Sisačko-moslavačka županija,,3,
HR,HR03,Jadranska Hrvatska,Jadranska Hrvatska,,,
HR,HR031,Primorsko-goranska županija,Primorsko-goranska županija,1,2,1
HR,HR032,Ličko-senjska županija,Ličko-senjska županija,1,3,1
HR,HR033,Zadarska županija,Zadarska županija,,3,1
HR,HR034,Šibensko-kninska županija,Šibensko-kninska županija,1,3,1
HR,HR035,Splitsko-dalmatinska županija,Splitsko-dalmatinska županija,1,2,1
HR,HR036,Istarska županija,Istarska županija,,3,1
HR,HR037,Dubrovačko-neretvanska županija,Dubrovačko-neretvanska županija,1,3,1
HR,HR05,Grad Zagreb,Grad Zagreb,,,
HR,HR050,Grad Zagreb,Grad Zagreb,,1,
HR,HR06,Sjeverna Hrvatska,Sjeverna Hrvatska,,,
HR,HR061,Međimurska županija,Međimurska županija,,3,
HR,HR062,Varaždinska županija,Varaždinska županija,,3,
HR,HR063,Koprivničko-križevačka županija,Koprivničko-križevačka županija,,3,
HR,HR064,Krapinsko-zagorska županija,Krapinsko-zagorska županija,,3,
HR,HR065,Zagrebačka županija,Zagrebačka županija,,2,
HU,HU,Magyarország,Magyarország,,,
HU,HU1,Közép-Magyarország,Közép-Magyarország,,,
HU,HU11,Budapest,Budapest,,,
HU,HU110,Budapest,Budapest,,1,
HU,HU12,Pest,Pest,,,
HU,HU120,Pest,Pest,,2,
HU,HU2,Dunántúl,Dunántúl,,,
HU,HU21,Közép-Dunántúl,Közép-Dunántúl,,,
HU,HU211,Fejér,Fejér,,2,
HU,HU212,Komárom-Esztergom,Komárom-Esztergom,,2,
HU,HU213,Veszprém,Veszprém,,2,
HU,HU22,Nyugat-Dunántúl,Nyugat-Dunántúl,,,
HU,HU221,Győr-Moson-Sopron,Győr-Moson-Sopron,,2,
HU,HU222,Vas,Vas,,2,
HU,HU223,Zala,Zala,,3,
HU,HU23,Dél-Dunántúl,Dél-Dunántúl,,,
HU,HU231,Baranya,Baranya,,2,
HU,HU232,Somogy,Somogy,,3,
HU,HU233,Tolna,Tolna,,3,
HU,HU3,Alföld és Észak,Alföld és Észak,,,
HU,HU31,Észak-Magyarország,Észak-Magyarország,,,
HU,HU311,Borsod-Abaúj-Zemplén,Borsod-Abaúj-Zemplén,,2,
HU,HU312,Heves,Heves,,3,
HU,HU313,Nógrád,Nógrád,,3,
HU,HU32,Észak-Alföld,Észak-Alföld,,,
HU,HU321,Hajdú-Bihar,Hajdú-Bihar,,2,
HU,HU322,Jász-Nagykun-Szolnok,Jász-Nagykun-Szolnok,,2,
HU,HU323,Szabolcs-Szatmár-Bereg,Szabolcs-Szatmár-Bereg,,3,
HU,HU33,Dél-Alföld,Dél-Alföld,,,
HU,HU331,Bács-Kiskun,Bács-Kiskun,,2,
HU,HU332,Békés,Békés,,2,
HU,HU333,Csongrád-Csanád,Csongrád-Csanád,,2,
IE,IE,Éire/Ireland,Éire/Ireland,,,
IE,IE0,Ireland,Ireland,,,
IE,IE04,Northern and Western,Northern and Western,,,
IE,IE041,Border,Border,,3,1
IE,IE042,West,West,,3,1
IE,IE05,Southern,Southern,,,
IE,IE051,Mid-West ,Mid-West ,,3,1
IE,IE052,South-East ,South-East ,,3,1
IE,IE053,South-West ,South-West ,,3,1
IE,IE06,Eastern and Midland,Eastern and Midland,,,
IE,IE061,Dublin,Dublin,,1,1
IE,IE062,Mid-East,Mid-East,,2,1
IE,IE063,Midland,Midland,,3,
IT,IT,Italia,Italia,,,
IT,ITC,Nord-Ovest,Nord-Ovest,,,
IT,ITC1,Piemonte,Piemonte,,,
IT,ITC11,Torino,Torino,1,1,
IT,ITC12,Vercelli,Vercelli,,3,
IT,ITC13,Biella,Biella,1,2,
IT,ITC14,Verbano-Cusio-Ossola,Verbano-Cusio-Ossola,1,2,
IT,ITC15,Novara,Novara,,2,
IT,ITC16,Cuneo,Cuneo,1,3,
IT,ITC17,Asti,Asti,,3,
IT,ITC18,Alessandria,Alessandria,,2,
IT,ITC2,Valle d'Aosta/Vallée d'Aoste,Valle d'Aosta/Vallée d'Aoste,,,
IT,ITC20,Valle d'Aosta/Vallée d'Aoste,Valle d'Aosta/Vallée d'Aoste,1,2,
IT,ITC3,Liguria,Liguria,,,
IT,ITC31,Imperia,Imperia,1,1,1
IT,ITC32,Savona,Savona,1,2,1
IT,ITC33,Genova,Genova,1,1,1
IT,ITC34,La Spezia,La Spezia,1,1,1
IT,ITC4,Lombardia,Lombardia,,,
IT,ITC41,Varese,Varese,,1,
IT,ITC42,Como,Como,1,1,
IT,ITC43,Lecco,Lecco,1,1,
IT,ITC44,Sondrio,Sondrio,1,2,
IT,ITC46,Bergamo,Bergamo,1,1,
IT,ITC47,Brescia,Brescia,1,1,
IT,ITC48,Pavia,Pavia,,2,
IT,ITC49,Lodi,Lodi,,2,
IT,ITC4A,Cremona,Cremona,,2,
IT,ITC4B,Mantova,Mantova,,3,
IT,ITC4C,Milano,Milano,,1,
IT,ITC4D,Monza e della Brianza,Monza e della Brianza,,1,
IT,ITF,Sud,Sud,,,
IT,ITF1,Abruzzo,Abruzzo,,,
IT,ITF11,L'Aquila,L'Aquila,1,2,
IT,ITF12,Teramo,Teramo,1,2,1
IT,ITF13,Pescara,Pescara,1,2,1
IT,ITF14,Chieti,Chieti,1,2,1
IT,ITF2,Molise,Molise,,,
IT,ITF21,Isernia,Isernia,1,3,
IT,ITF22,Campobasso,Campobasso,1,3,1
IT,ITF3,Campania,Campania,,,
IT,ITF31,Caserta,Caserta,,1,1
IT,ITF32,Benevento,Benevento,1,3,1
IT,ITF33,Napoli,Napoli,,1,1
IT,ITF34,Avellino,Avellino,1,2,1
IT,ITF35,Salerno,Salerno,1,2,1
IT,ITF4,Puglia,Puglia,,,
IT,ITF43,Taranto,Taranto,,1,1
IT,ITF44,Brindisi,Brindisi,,1,1
IT,ITF45,Lecce,Lecce,,1,1
IT,ITF46,Foggia,Foggia,,1,1
IT,ITF47,Bari,Bari,,1,1
IT,ITF48,Barletta-Andria-Trani,Barletta-Andria-Trani,,1,1
IT,ITF5,Basilicata,Basilicata,,,
IT,ITF51,Potenza,Potenza,1,3,1
IT,ITF52,Matera,Matera,1,2,1
IT,ITF6,Calabria,Calabria,,,
IT,ITF61,Cosenza,Cosenza,1,2,1
IT,ITF62,Crotone,Crotone,,2,1
IT,ITF63,Catanzaro,Catanzaro,1,2,1
IT,ITF64,Vibo Valentia,Vibo Valentia,1,3,1
IT,ITF65,Reggio Calabria,Reggio Calabria,1,2,1
IT,ITG,Isole,Isole,,,
IT,ITG1,Sicilia,Sicilia,,,
IT,ITG11,Trapani,Trapani,,2,1
IT,ITG12,Palermo,Palermo,1,1,1
IT,ITG13,Messina,Messina,1,2,1
IT,ITG14,Agrigento,Agrigento,1,1,1
IT,ITG15,Caltanissetta,Caltanissetta,1,1,1
IT,ITG16,Enna,Enna,1,2,1
IT,ITG17,Catania,Catania,1,1,1
IT,ITG18,Ragusa,Ragusa,,2,1
IT,ITG19,Siracusa,Siracusa,,1,1
IT,ITG2,Sardegna,Sardegna,,,
IT,ITG2D,Sassari,Sassari,1,2,1
IT,ITG2E,Nuoro,Nuoro,1,3,1
IT,ITG2F,Cagliari,Cagliari,1,1,1
IT,ITG2G,Oristano,Oristano,,3,1
IT,ITG2H,Sud Sardegna,Sud Sardegna,1,3,1
IT,ITH,Nord-Est,Nord-Est,,,
IT,ITH1,Provincia Autonoma di Bolzano/Bozen,Provincia Autonoma di Bolzano/Bozen,,,
IT,ITH10,Bolzano-Bozen,Bolzano-Bozen,1,2,
IT,ITH2,Provincia Autonoma di Trento,Provincia Autonoma di Trento,,,
IT,ITH20,Trento,Trento,1,2,
IT,ITH3,Veneto,Veneto,,,
IT,ITH31,Verona,Verona,,2,
IT,ITH32,Vicenza,Vicenza,1,2,
IT,ITH33,Belluno,Belluno,1,3,
IT,ITH34,Treviso,Treviso,,2,1
IT,ITH35,Venezia,Venezia,,1,1
IT,ITH36,Padova,Padova,,2,1
IT,ITH37,Rovigo,Rovigo,,3,1
IT,ITH4,Friuli-Venezia Giulia,Friuli-Venezia Giulia,,,
IT,ITH41,Pordenone,Pordenone,,2,1
IT,ITH42,Udine,Udine,1,2,1
IT,ITH43,Gorizia,Gorizia,,1,1
IT,ITH44,Trieste,Trieste,1,1,1
IT,ITH5,Emilia-Romagna,Emilia-Romagna,,,
IT,ITH51,Piacenza,Piacenza,1,2,
IT,ITH52,Parma,Parma,1,2,
IT,ITH53,Reggio nell'Emilia,Reggio nell'Emilia,,2,
IT,ITH54,Modena,Modena,,2,
IT,ITH55,Bologna,Bologna,,2,
IT,ITH56,Ferrara,Ferrara,,2,1
IT,ITH57,Ravenna,Ravenna,,2,1
IT,ITH58,Forlì-Cesena,Forlì-Cesena,1,2,1
IT,ITH59,Rimini,Rimini,1,1,1
IT,ITI,Centro (IT),Centro (IT),,,
IT,ITI1,Toscana,Toscana,,,
IT,ITI11,Massa-Carrara,Massa-Carrara,1,2,1
IT,ITI12,Lucca,Lucca,1,2,1
IT,ITI13,Pistoia,Pistoia,1,1,
IT,ITI14,Firenze,Firenze,1,1,
IT,ITI15,Prato,Prato,1,1,
IT,ITI16,Livorno,Livorno,,2,1
IT,ITI17,Pisa,Pisa,,2,1
IT,ITI18,Arezzo,Arezzo,1,2,
IT,ITI19,Siena,Siena,1,3,
IT,ITI1A,Grosseto,Grosseto,,3,1
IT,ITI2,Umbria,Umbria,,,
IT,ITI21,Perugia,Perugia,1,2,
IT,ITI22,Terni,Terni,1,2,
IT,ITI3,Marche,Marche,,,
IT,ITI31,Pesaro e Urbino,Pesaro e Urbino,1,2,1
IT,ITI32,Ancona,Ancona,,2,1
IT,ITI33,Macerata,Macerata,1,2,1
IT,ITI34,Ascoli Piceno,Ascoli Piceno,1,2,1
IT,ITI35,Fermo,Fermo,,2,1
IT,ITI4,Lazio,Lazio,,,
IT,ITI41,Viterbo,Viterbo,1,3,1
IT,ITI42,Rieti,Rieti,1,3,
IT,ITI43,Roma,Roma,,1,1
IT,ITI44,Latina,Latina,,2,1
IT,ITI45,Frosinone,Frosinone,1,3,1
EL,EL521,Imathia,Ημαθία,1,2,1
EL,EL522,Thessaloniki,Θεσσαλονίκη,1,1,1
EL,EL524,Pella,Πέλλα,1,3,1
EL,EL612,Larisa,Λάρισα,1,2,1
EL,EL613,"Magnisia, Sporades","Μαγνησία, Σποράδες",1,2,1
EL,EL621,Zakynthos,Ζάκυνθος,1,3,1
EL,EL622,Kerkyra,Κέρκυρα,,3,1
EL,EL623,"Ithaki, Kefallinia","Ιθάκη, Κεφαλληνία",1,3,1
EL,EL624,Lefkada,Λευκάδα,1,3,1
EL,EL631,Aitoloakarnania,Αιτωλοακαρνανία,1,3,1
EL,EL301,Voreios Tomeas Athinon,Βόρειος Τομέας Αθηνών,,1,1
EL,EL302,Dytikos Tomeas Athinon,Δυτικός Τομέας Αθηνών,,1,1
EL,EL303,Kentrikos Tomeas Athinon,Κεντρικός Τομέας Αθηνών,,1,1
EL,EL304,Notios Tomeas Athinon,Νότιος Τομέας Αθηνών,,1,1
EE,EE004,Lääne-Eesti,Lääne-Eesti,,3,1
EE,EE009,Kesk-Eesti,Kesk-Eesti,,3,1
CH,CH02,Espace Mittelland,Espace Mittelland,,,
CH,CH021,Bern / Berne,Bern / Berne,1,,
CH,CH022,Fribourg / Freiburg,Fribourg / Freiburg,1,,
CH,CH023,Solothurn,Solothurn,1,,
CH,CH024,Neuchâtel,Neuchâtel,1,,
CH,CH025,Jura,Jura,1,,
CH,CH03,Nordwestschweiz,Nordwestschweiz,,,
CH,CH031,Basel-Stadt,Basel-Stadt,,,
CH,CH032,Basel-Landschaft,Basel-Landschaft,1,,
CH,CH033,Aargau,Aargau,1,,
CH,CH04,Zürich,Zürich,,,
CH,CH040,Zürich,Zürich,1,,
CH,CH05,Ostschweiz,Ostschweiz,,,
CH,CH051,Glarus,Glarus,1,,
CH,CH052,Schaffhausen,Schaffhausen,1,,
CH,CH053,Appenzell Ausserrhoden,Appenzell Ausserrhoden,1,,
CH,CH054,Appenzell Innerrhoden,Appenzell Innerrhoden,1,,
CH,CH055,St. Gallen,St. Gallen,1,,
CH,CH056,Graubünden / Grigioni / Grischun,Graubünden / Grigioni / Grischun,1,,
CH,CH057,Thurgau,Thurgau,,,
CH,CH06,Zentralschweiz,Zentralschweiz,,,
CH,CH061,Luzern,Luzern,1,,
CH,CH062,Uri,Uri,1,,
CH,CH063,Schwyz,Schwyz,1,,
CH,CH064,Obwalden,Obwalden,1,,
CH,CH065,Nidwalden,Nidwalden,1,,
CH,CH066,Zug,Zug,1,,
CH,CH07,Ticino,Ticino,,,
CH,CH070,Ticino,Ticino,1,,
BA,BA,Bosna I Hercegovina,Bosna I Hercegovina,0,,
BA,BA0,Bosna I Hercegovina,Bosna I Hercegovina,0,,
BA,BA01,Federacija Bosne i Hercegovine,Federacija Bosne i Hercegovine,0,,
BA,BA02,Republika Srpska,Republika Srpska,0,,
BA,BA03,Brčko District BiH,Brčko District BiH,0,,
